TiAGo Throughtput on All Tests,Bandwidth (kB/s)
ext4_video,7680
ext4_video,7710.72
sealfs_video,7772.16
sealfs_video,7833.6
ext4_video,7884.8
ext4_video,7905.28
ext4_video,7925.76
ext4_video,7936
sealfs_video,7936
sealfs_video,7936
ext4_video,7946.24
sealfs_video,7976.96
sealfs_video,8007.68
sealfs_video,8017.92
sealfs_video,8017.92
sealfs_video,8028.16
sealfs_video,8028.16
sealfs_video,8222.72
sealfs_video,8304.64
sealfs_video,8304.64
sealfs_video,8314.88
sealfs_video,8325.12
sealfs_video,8345.6
sealfs_video,8345.6
sealfs_video,8366.08
sealfs_video,8376.32
sealfs_video,8386.56
sealfs_video,8386.56
sealfs_video,8396.8
sealfs_video,8407.04
ext4_video,8427.52
sealfs_video,8437.76
sealfs_video,8448
ext4_video,8488.96
ext4_video,8488.96
ext4_video,8488.96
sealfs_video,8488.96
ext4_video,8499.2
ext4_video,8499.2
ext4_video,8499.2
ext4_video,8499.2
sealfs_video,8499.2
ext4_video,8509.44
ext4_video,8509.44
ext4_video,8509.44
sealfs_video,8509.44
sealfs_video,8509.44
ext4_video,8519.68
ext4_video,8519.68
sealfs_video,8519.68
ext4_video,8529.92
sealfs_video,8529.92
sealfs_video,8529.92
ext4_video,8540.16
sealfs_video,8540.16
sealfs_video,8540.16
ext4_video,8550.4
ext4_video,8550.4
ext4_video,8550.4
ext4_video,8550.4
ext4_video,8550.4
sealfs_video,8550.4
sealfs_video,8550.4
sealfs_video,8550.4
ext4_video,8560.64
sealfs_video,8560.64
sealfs_video,8560.64
sealfs_video,8560.64
sealfs_video,8560.64
sealfs_video,8560.64
sealfs_video,8570.88
sealfs_video,8570.88
sealfs_video,8570.88
ext4_video,8581.12
sealfs_video,8581.12
sealfs_video,8581.12
sealfs_video,8581.12
sealfs_video,8591.36
sealfs_video,8591.36
sealfs_video,8591.36
ext4_video,8601.6
ext4_video,8601.6
ext4_video,8601.6
sealfs_video,8601.6
sealfs_video,8601.6
sealfs_video,8601.6
sealfs_video,8601.6
sealfs_video,8601.6
sealfs_video,8601.6
ext4_video,8611.84
sealfs_video,8622.08
ext4_video,8632.32
ext4_video,8632.32
ext4_video,8632.32
ext4_video,8632.32
ext4_video,8642.56
ext4_video,8642.56
sealfs_video,8642.56
sealfs_video,8642.56
sealfs_video,8642.56
ext4_video,8663.04
sealfs_video,8663.04
sealfs_video,8673.28
sealfs_video,8673.28
ext4_video,8683.52
sealfs_video,8683.52
sealfs_video,8683.52
sealfs_video,8693.76
sealfs_video,8693.76
sealfs_video,8693.76
sealfs_video,8693.76
sealfs_video,8704
sealfs_video,8714.24
sealfs_video,8714.24
sealfs_video,8714.24
sealfs_video,8724.48
sealfs_video,8724.48
sealfs_video,8724.48
sealfs_video,8734.72
sealfs_video,8775.68
sealfs_video,8796.16
sealfs_video,8816.64
ext4_video,8867.84
sealfs_video,8919.04
sealfs_video,9082.88
sealfs_video,9338.88
ext4_video,9369.6
ext4_video,9605.12
ext4_video,9635.84
ext4_video,9646.08
ext4_video,9676.8
ext4_video,9687.04
ext4_video,9687.04
ext4_video,9697.28
ext4_video,9707.52
ext4_video,9707.52
ext4_video,9707.52
sealfs_video,9707.52
ext4_video,9717.76
sealfs_video,9717.76
sealfs_video,9717.76
ext4_video,9728
sealfs_video,9728
ext4_video,9748.48
sealfs_video,9748.48
ext4_video,9758.72
ext4_video,9779.2
ext4_video,9799.68
sealfs_video,9799.68
sealfs_video,9799.68
sealfs_video,9799.68
ext4_video,9809.92
sealfs_video,9809.92
ext4_video,9820.16
ext4_video,9820.16
sealfs_video,9840.64
ext4_video,9850.88
ext4_video,9850.88
sealfs_video,9850.88
sealfs_video,9850.88
sealfs_video,9850.88
ext4_video,9861.12
ext4_video,9861.12
ext4_video,9861.12
sealfs_video,9861.12
sealfs_video,9861.12
sealfs_video,9861.12
ext4_video,9871.36
ext4_video,9871.36
ext4_video,9871.36
ext4_video,9871.36
ext4_video,9871.36
sealfs_video,9871.36
sealfs_video,9871.36
sealfs_video,9871.36
ext4_video,9881.6
ext4_video,9881.6
ext4_video,9881.6
ext4_video,9881.6
ext4_video,9881.6
ext4_video,9881.6
ext4_video,9881.6
ext4_video,9881.6
ext4_video,9881.6
sealfs_video,9881.6
sealfs_video,9881.6
sealfs_video,9881.6
sealfs_video,9881.6
ext4_video,9891.84
ext4_video,9891.84
ext4_video,9891.84
ext4_video,9891.84
ext4_video,9891.84
ext4_video,9891.84
ext4_video,9891.84
ext4_video,9891.84
ext4_video,9891.84
ext4_video,9891.84
sealfs_video,9891.84
sealfs_video,9891.84
sealfs_video,9891.84
sealfs_video,9891.84
sealfs_video,9891.84
ext4_video,9902.08
ext4_video,9902.08
ext4_video,9902.08
ext4_video,9902.08
ext4_video,9902.08
ext4_video,9902.08
ext4_video,9902.08
ext4_video,9902.08
ext4_video,9902.08
sealfs_video,9902.08
sealfs_video,9902.08
sealfs_video,9902.08
sealfs_video,9902.08
ext4_video,9912.32
ext4_video,9912.32
ext4_video,9912.32
ext4_video,9912.32
ext4_video,9912.32
sealfs_video,9912.32
sealfs_video,9912.32
sealfs_video,9912.32
sealfs_video,9912.32
sealfs_video,9912.32
sealfs_video,9912.32
ext4_video,9922.56
ext4_video,9922.56
ext4_video,9922.56
ext4_video,9922.56
ext4_video,9922.56
ext4_video,9922.56
ext4_video,9922.56
ext4_video,9922.56
ext4_video,9922.56
ext4_video,9922.56
ext4_video,9922.56
ext4_video,9922.56
ext4_video,9922.56
sealfs_video,9922.56
sealfs_video,9922.56
sealfs_video,9922.56
sealfs_video,9922.56
sealfs_video,9922.56
ext4_video,9932.8
ext4_video,9932.8
ext4_video,9932.8
ext4_video,9932.8
ext4_video,9932.8
ext4_video,9932.8
sealfs_video,9932.8
sealfs_video,9932.8
sealfs_video,9932.8
sealfs_video,9932.8
sealfs_video,9932.8
ext4_video,9943.04
ext4_video,9943.04
ext4_video,9943.04
ext4_video,9943.04
ext4_video,9943.04
ext4_video,9943.04
ext4_video,9943.04
ext4_video,9943.04
ext4_video,9943.04
ext4_video,9943.04
ext4_video,9943.04
ext4_video,9943.04
ext4_video,9943.04
ext4_video,9943.04
sealfs_video,9943.04
sealfs_video,9943.04
sealfs_video,9943.04
sealfs_video,9943.04
sealfs_video,9943.04
sealfs_video,9943.04
sealfs_video,9943.04
sealfs_video,9943.04
sealfs_video,9943.04
sealfs_video,9943.04
ext4_video,9953.28
ext4_video,9953.28
ext4_video,9953.28
ext4_video,9953.28
ext4_video,9953.28
ext4_video,9953.28
sealfs_video,9953.28
sealfs_video,9953.28
sealfs_video,9953.28
ext4_video,9963.52
ext4_video,9963.52
ext4_video,9963.52
ext4_video,9963.52
sealfs_video,9963.52
sealfs_video,9963.52
sealfs_video,9963.52
sealfs_video,9963.52
sealfs_video,9963.52
sealfs_video,9963.52
sealfs_video,9963.52
sealfs_video,9963.52
ext4_video,9973.76
ext4_video,9973.76
ext4_video,9973.76
ext4_video,9973.76
sealfs_video,9973.76
sealfs_video,9973.76
sealfs_video,9973.76
sealfs_video,9973.76
sealfs_video,9973.76
sealfs_video,9973.76
sealfs_video,9973.76
sealfs_video,9973.76
sealfs_video,9973.76
ext4_video,9984
ext4_video,9984
ext4_video,9984
ext4_video,9984
sealfs_video,9984
sealfs_video,9984
sealfs_video,9984
sealfs_video,9984
sealfs_video,9984
sealfs_video,9984
sealfs_video,9984
sealfs_video,9984
sealfs_video,9984
sealfs_video,9984
sealfs_video,9984
ext4_video,9994.24
ext4_video,9994.24
ext4_video,9994.24
sealfs_video,9994.24
sealfs_video,9994.24
sealfs_video,9994.24
sealfs_video,9994.24
sealfs_video,9994.24
sealfs_video,9994.24
sealfs_video,9994.24
sealfs_video,9994.24
sealfs_video,9994.24
sealfs_video,9994.24
ext4_video,10004.48
ext4_video,10004.48
ext4_video,10004.48
sealfs_video,10004.48
sealfs_video,10004.48
sealfs_video,10004.48
sealfs_video,10004.48
ext4_video,10014.72
sealfs_video,10014.72
sealfs_video,10014.72
sealfs_video,10014.72
sealfs_video,10014.72
ext4_video,10024.96
ext4_video,10024.96
ext4_video,10024.96
sealfs_video,10024.96
sealfs_video,10024.96
sealfs_video,10024.96
sealfs_video,10024.96
sealfs_video,10024.96
sealfs_video,10024.96
sealfs_video,10024.96
sealfs_video,10024.96
sealfs_video,10024.96
ext4_video,10035.2
sealfs_video,10035.2
sealfs_video,10035.2
ext4_video,10045.44
sealfs_video,10045.44
ext4_video,10055.68
sealfs_video,10055.68
sealfs_video,10055.68
sealfs_video,10065.92
sealfs_video,10065.92
sealfs_video,10065.92
sealfs_video,10065.92
sealfs_video,10065.92
sealfs_video,10065.92
sealfs_video,10076.16
sealfs_video,10086.4
sealfs_video,10086.4
ext4_video,10096.64
sealfs_video,10096.64
sealfs_video,10096.64
ext4_video,10106.88
ext4_video,10106.88
sealfs_video,10106.88
ext4_video,10117.12
sealfs_video,10117.12
sealfs_video,10117.12
ext4_video,10127.36
ext4_video,10127.36
ext4_video,10127.36
sealfs_video,10127.36
sealfs_video,10127.36
sealfs_video,10127.36
sealfs_video,10127.36
ext4_video,10147.84
ext4_video,10147.84
ext4_video,10158.08
ext4_video,10158.08
sealfs_video,10158.08
sealfs_video,10158.08
sealfs_video,10158.08
sealfs_video,10158.08
sealfs_video,10168.32
sealfs_video,10168.32
sealfs_video,10168.32
ext4_video,10178.56
ext4_video,10178.56
sealfs_video,10178.56
sealfs_video,10178.56
ext4_video,10188.8
sealfs_video,10188.8
sealfs_video,10188.8
sealfs_video,10188.8
sealfs_video,10188.8
sealfs_video,10188.8
ext4_video,10199.04
sealfs_video,10199.04
sealfs_video,10199.04
sealfs_video,10209.28
sealfs_video,10209.28
sealfs_video,10209.28
ext4_video,10219.52
sealfs_video,10219.52
sealfs_video,10219.52
ext4_video,10229.76
ext4_video,10229.76
ext4_video,10229.76
sealfs_video,10229.76
sealfs_video,10229.76
sealfs_video,10240
sealfs_video,10250.24
sealfs_video,10250.24
ext4_video,10260.48
sealfs_video,10260.48
ext4_video,10270.72
ext4_video,10270.72
sealfs_video,10270.72
ext4_video,10280.96
ext4_video,10280.96
sealfs_video,10280.96
sealfs_video,10280.96
sealfs_video,10280.96
ext4_video,10291.2
ext4_video,10301.44
ext4_video,10301.44
ext4_video,10311.68
sealfs_video,10311.68
sealfs_video,10311.68
sealfs_video,10311.68
ext4_video,10332.16
ext4_video,10342.4
ext4_video,10342.4
ext4_video,10352.64
ext4_video,10352.64
sealfs_video,10352.64
sealfs_video,10352.64
sealfs_video,10352.64
sealfs_video,10362.88
sealfs_video,10362.88
sealfs_video,10362.88
sealfs_video,10362.88
sealfs_video,10362.88
sealfs_video,10362.88
ext4_video,10373.12
ext4_video,10373.12
sealfs_video,10373.12
sealfs_video,10373.12
ext4_video,10383.36
sealfs_video,10383.36
ext4_video,10393.6
ext4_video,10393.6
ext4_video,10393.6
sealfs_video,10393.6
sealfs_video,10393.6
ext4_video,10403.84
ext4_video,10403.84
ext4_video,10403.84
ext4_video,10403.84
ext4_video,10403.84
sealfs_video,10403.84
sealfs_video,10403.84
sealfs_video,10403.84
sealfs_video,10403.84
ext4_video,10414.08
ext4_video,10414.08
ext4_video,10414.08
sealfs_video,10414.08
sealfs_video,10414.08
ext4_video,10424.32
ext4_video,10424.32
ext4_video,10424.32
sealfs_video,10424.32
sealfs_video,10424.32
sealfs_video,10424.32
sealfs_video,10424.32
ext4_video,10434.56
ext4_video,10434.56
ext4_video,10434.56
ext4_video,10434.56
sealfs_video,10434.56
sealfs_video,10434.56
sealfs_video,10434.56
sealfs_video,10434.56
ext4_video,10444.8
ext4_video,10444.8
ext4_video,10444.8
ext4_video,10444.8
sealfs_video,10444.8
sealfs_video,10455.04
sealfs_video,10455.04
ext4_video,10465.28
ext4_video,10465.28
ext4_video,10465.28
ext4_video,10465.28
ext4_video,10465.28
ext4_video,10465.28
sealfs_video,10465.28
sealfs_video,10465.28
sealfs_video,10465.28
sealfs_video,10465.28
ext4_video,10475.52
ext4_video,10475.52
ext4_video,10475.52
ext4_video,10475.52
sealfs_video,10475.52
sealfs_video,10475.52
ext4_video,10485.76
ext4_video,10485.76
ext4_video,10485.76
ext4_video,10485.76
ext4_video,10485.76
sealfs_video,10485.76
sealfs_video,10485.76
sealfs_video,10485.76
sealfs_video,10485.76
sealfs_video,10485.76
ext4_video,10496
ext4_video,10496
ext4_video,10496
sealfs_video,10496
sealfs_video,10496
sealfs_video,10496
sealfs_video,10506.24
sealfs_video,10506.24
sealfs_video,10506.24
sealfs_video,10506.24
sealfs_video,10506.24
ext4_video,10516.48
ext4_video,10516.48
ext4_video,10516.48
ext4_video,10516.48
ext4_video,10516.48
sealfs_video,10516.48
sealfs_video,10516.48
sealfs_video,10516.48
ext4_video,10526.72
ext4_video,10526.72
ext4_video,10526.72
ext4_video,10526.72
sealfs_video,10526.72
sealfs_video,10526.72
sealfs_video,10526.72
sealfs_video,10526.72
ext4_video,10536.96
ext4_video,10536.96
ext4_video,10536.96
ext4_video,10536.96
ext4_video,10536.96
sealfs_video,10536.96
sealfs_video,10536.96
ext4_video,10547.2
ext4_video,10547.2
ext4_video,10547.2
ext4_video,10547.2
ext4_video,10547.2
sealfs_video,10547.2
sealfs_video,10547.2
ext4_video,10557.44
ext4_video,10557.44
sealfs_video,10557.44
sealfs_video,10557.44
sealfs_video,10557.44
sealfs_video,10557.44
ext4_video,10567.68
ext4_video,10567.68
ext4_video,10567.68
ext4_video,10567.68
ext4_video,10567.68
ext4_video,10567.68
ext4_video,10567.68
ext4_video,10567.68
sealfs_video,10567.68
sealfs_video,10567.68
sealfs_video,10567.68
sealfs_video,10567.68
sealfs_video,10567.68
sealfs_video,10567.68
sealfs_video,10567.68
sealfs_video,10567.68
sealfs_video,10567.68
ext4_video,10577.92
ext4_video,10577.92
ext4_video,10577.92
ext4_video,10577.92
ext4_video,10577.92
ext4_video,10577.92
ext4_video,10577.92
ext4_video,10577.92
sealfs_video,10577.92
sealfs_video,10577.92
sealfs_video,10577.92
sealfs_video,10577.92
sealfs_video,10577.92
sealfs_video,10577.92
sealfs_video,10577.92
ext4_video,10588.16
ext4_video,10588.16
ext4_video,10588.16
ext4_video,10588.16
ext4_video,10588.16
ext4_video,10588.16
ext4_video,10588.16
ext4_video,10588.16
sealfs_video,10588.16
sealfs_video,10588.16
sealfs_video,10588.16
sealfs_video,10588.16
sealfs_video,10588.16
sealfs_video,10588.16
sealfs_video,10588.16
ext4_video,10598.4
ext4_video,10598.4
ext4_video,10598.4
ext4_video,10598.4
ext4_video,10598.4
ext4_video,10598.4
ext4_video,10598.4
ext4_video,10598.4
ext4_video,10598.4
ext4_video,10598.4
ext4_video,10598.4
ext4_video,10598.4
ext4_video,10598.4
ext4_video,10598.4
ext4_video,10598.4
ext4_video,10598.4
ext4_video,10598.4
ext4_video,10598.4
sealfs_video,10598.4
sealfs_video,10598.4
sealfs_video,10598.4
sealfs_video,10598.4
sealfs_video,10598.4
sealfs_video,10598.4
sealfs_video,10598.4
sealfs_video,10598.4
ext4_video,10608.64
ext4_video,10608.64
ext4_video,10608.64
ext4_video,10608.64
ext4_video,10608.64
ext4_video,10608.64
ext4_video,10608.64
ext4_video,10608.64
ext4_video,10608.64
ext4_video,10608.64
ext4_video,10608.64
ext4_video,10608.64
ext4_video,10608.64
ext4_video,10608.64
ext4_video,10608.64
ext4_video,10608.64
ext4_video,10608.64
sealfs_video,10608.64
sealfs_video,10608.64
sealfs_video,10608.64
sealfs_video,10608.64
sealfs_video,10608.64
sealfs_video,10608.64
sealfs_video,10608.64
sealfs_video,10608.64
sealfs_video,10608.64
sealfs_video,10608.64
ext4_video,10618.88
ext4_video,10618.88
ext4_video,10618.88
ext4_video,10618.88
ext4_video,10618.88
ext4_video,10618.88
ext4_video,10618.88
ext4_video,10618.88
ext4_video,10618.88
ext4_video,10618.88
ext4_video,10618.88
ext4_video,10618.88
ext4_video,10618.88
ext4_video,10618.88
ext4_video,10618.88
ext4_video,10618.88
ext4_video,10618.88
ext4_video,10618.88
sealfs_video,10618.88
sealfs_video,10618.88
sealfs_video,10618.88
sealfs_video,10618.88
sealfs_video,10618.88
sealfs_video,10618.88
sealfs_video,10618.88
sealfs_video,10618.88
sealfs_video,10618.88
sealfs_video,10618.88
sealfs_video,10618.88
sealfs_video,10618.88
sealfs_video,10618.88
sealfs_video,10618.88
sealfs_video,10618.88
ext4_video,10629.12
ext4_video,10629.12
ext4_video,10629.12
ext4_video,10629.12
ext4_video,10629.12
ext4_video,10629.12
ext4_video,10629.12
ext4_video,10629.12
ext4_video,10629.12
ext4_video,10629.12
ext4_video,10629.12
ext4_video,10629.12
ext4_video,10629.12
ext4_video,10629.12
ext4_video,10629.12
sealfs_video,10629.12
sealfs_video,10629.12
sealfs_video,10629.12
sealfs_video,10629.12
sealfs_video,10629.12
sealfs_video,10629.12
sealfs_video,10629.12
sealfs_video,10629.12
sealfs_video,10629.12
sealfs_video,10629.12
ext4_video,10639.36
ext4_video,10639.36
ext4_video,10639.36
ext4_video,10639.36
ext4_video,10639.36
ext4_video,10639.36
ext4_video,10639.36
ext4_video,10639.36
ext4_video,10639.36
ext4_video,10639.36
ext4_video,10639.36
ext4_video,10639.36
ext4_video,10639.36
ext4_video,10639.36
ext4_video,10639.36
ext4_video,10639.36
ext4_video,10639.36
ext4_video,10639.36
ext4_video,10639.36
ext4_video,10639.36
ext4_video,10639.36
ext4_video,10639.36
ext4_video,10639.36
sealfs_video,10639.36
sealfs_video,10639.36
sealfs_video,10639.36
sealfs_video,10639.36
sealfs_video,10639.36
sealfs_video,10639.36
sealfs_video,10639.36
sealfs_video,10639.36
sealfs_video,10639.36
sealfs_video,10639.36
sealfs_video,10639.36
sealfs_video,10639.36
sealfs_video,10639.36
sealfs_video,10639.36
sealfs_video,10639.36
sealfs_video,10639.36
sealfs_video,10639.36
sealfs_video,10639.36
ext4_video,10649.6
ext4_video,10649.6
ext4_video,10649.6
ext4_video,10649.6
ext4_video,10649.6
ext4_video,10649.6
ext4_video,10649.6
ext4_video,10649.6
ext4_video,10649.6
ext4_video,10649.6
ext4_video,10649.6
ext4_video,10649.6
ext4_video,10649.6
ext4_video,10649.6
ext4_video,10649.6
ext4_video,10649.6
ext4_video,10649.6
ext4_video,10649.6
ext4_video,10649.6
ext4_video,10649.6
ext4_video,10649.6
sealfs_video,10649.6
sealfs_video,10649.6
sealfs_video,10649.6
sealfs_video,10649.6
sealfs_video,10649.6
sealfs_video,10649.6
sealfs_video,10649.6
sealfs_video,10649.6
sealfs_video,10649.6
sealfs_video,10649.6
sealfs_video,10649.6
sealfs_video,10649.6
sealfs_video,10649.6
sealfs_video,10649.6
sealfs_video,10649.6
sealfs_video,10649.6
sealfs_video,10649.6
sealfs_video,10649.6
sealfs_video,10649.6
sealfs_video,10649.6
sealfs_video,10649.6
sealfs_video,10649.6
ext4_video,10659.84
ext4_video,10659.84
ext4_video,10659.84
ext4_video,10659.84
ext4_video,10659.84
ext4_video,10659.84
ext4_video,10659.84
ext4_video,10659.84
ext4_video,10659.84
ext4_video,10659.84
ext4_video,10659.84
ext4_video,10659.84
ext4_video,10659.84
ext4_video,10659.84
ext4_video,10659.84
ext4_video,10659.84
ext4_video,10659.84
ext4_video,10659.84
ext4_video,10659.84
ext4_video,10659.84
sealfs_video,10659.84
sealfs_video,10659.84
sealfs_video,10659.84
sealfs_video,10659.84
sealfs_video,10659.84
sealfs_video,10659.84
sealfs_video,10659.84
sealfs_video,10659.84
sealfs_video,10659.84
sealfs_video,10659.84
sealfs_video,10659.84
sealfs_video,10659.84
sealfs_video,10659.84
sealfs_video,10659.84
sealfs_video,10659.84
sealfs_video,10659.84
sealfs_video,10659.84
sealfs_video,10659.84
sealfs_video,10659.84
sealfs_video,10659.84
ext4_video,10670.08
ext4_video,10670.08
ext4_video,10670.08
ext4_video,10670.08
ext4_video,10670.08
ext4_video,10670.08
ext4_video,10670.08
ext4_video,10670.08
ext4_video,10670.08
ext4_video,10670.08
ext4_video,10670.08
ext4_video,10670.08
ext4_video,10670.08
ext4_video,10670.08
ext4_video,10670.08
ext4_video,10670.08
ext4_video,10670.08
ext4_video,10670.08
ext4_video,10670.08
ext4_video,10670.08
ext4_video,10670.08
ext4_video,10670.08
ext4_video,10670.08
ext4_video,10670.08
ext4_video,10670.08
sealfs_video,10670.08
sealfs_video,10670.08
sealfs_video,10670.08
sealfs_video,10670.08
sealfs_video,10670.08
sealfs_video,10670.08
sealfs_video,10670.08
sealfs_video,10670.08
sealfs_video,10670.08
sealfs_video,10670.08
sealfs_video,10670.08
sealfs_video,10670.08
sealfs_video,10670.08
sealfs_video,10670.08
sealfs_video,10670.08
sealfs_video,10670.08
sealfs_video,10670.08
sealfs_video,10670.08
sealfs_video,10670.08
sealfs_video,10670.08
sealfs_video,10670.08
ext4_video,10680.32
ext4_video,10680.32
ext4_video,10680.32
ext4_video,10680.32
ext4_video,10680.32
ext4_video,10680.32
ext4_video,10680.32
ext4_video,10680.32
ext4_video,10680.32
ext4_video,10680.32
ext4_video,10680.32
ext4_video,10680.32
ext4_video,10680.32
ext4_video,10680.32
ext4_video,10680.32
ext4_video,10680.32
ext4_video,10680.32
ext4_video,10680.32
ext4_video,10680.32
ext4_video,10680.32
ext4_video,10680.32
sealfs_video,10680.32
sealfs_video,10680.32
sealfs_video,10680.32
sealfs_video,10680.32
sealfs_video,10680.32
sealfs_video,10680.32
sealfs_video,10680.32
sealfs_video,10680.32
sealfs_video,10680.32
sealfs_video,10680.32
sealfs_video,10680.32
sealfs_video,10680.32
sealfs_video,10680.32
sealfs_video,10680.32
sealfs_video,10680.32
sealfs_video,10680.32
sealfs_video,10680.32
sealfs_video,10680.32
ext4_video,10690.56
ext4_video,10690.56
ext4_video,10690.56
ext4_video,10690.56
ext4_video,10690.56
ext4_video,10690.56
ext4_video,10690.56
ext4_video,10690.56
ext4_video,10690.56
ext4_video,10690.56
ext4_video,10690.56
ext4_video,10690.56
ext4_video,10690.56
ext4_video,10690.56
ext4_video,10690.56
ext4_video,10690.56
ext4_video,10690.56
ext4_video,10690.56
ext4_video,10690.56
ext4_video,10690.56
sealfs_video,10690.56
sealfs_video,10690.56
sealfs_video,10690.56
sealfs_video,10690.56
sealfs_video,10690.56
sealfs_video,10690.56
sealfs_video,10690.56
sealfs_video,10690.56
sealfs_video,10690.56
sealfs_video,10690.56
sealfs_video,10690.56
sealfs_video,10690.56
sealfs_video,10690.56
sealfs_video,10690.56
sealfs_video,10690.56
sealfs_video,10690.56
sealfs_video,10690.56
sealfs_video,10690.56
sealfs_video,10690.56
sealfs_video,10690.56
sealfs_video,10690.56
sealfs_video,10690.56
sealfs_video,10690.56
sealfs_video,10690.56
sealfs_video,10690.56
sealfs_video,10690.56
sealfs_video,10690.56
ext4_video,10700.8
ext4_video,10700.8
ext4_video,10700.8
ext4_video,10700.8
ext4_video,10700.8
ext4_video,10700.8
ext4_video,10700.8
ext4_video,10700.8
ext4_video,10700.8
ext4_video,10700.8
ext4_video,10700.8
ext4_video,10700.8
ext4_video,10700.8
ext4_video,10700.8
ext4_video,10700.8
ext4_video,10700.8
ext4_video,10700.8
sealfs_video,10700.8
sealfs_video,10700.8
sealfs_video,10700.8
sealfs_video,10700.8
sealfs_video,10700.8
sealfs_video,10700.8
sealfs_video,10700.8
sealfs_video,10700.8
sealfs_video,10700.8
sealfs_video,10700.8
sealfs_video,10700.8
sealfs_video,10700.8
sealfs_video,10700.8
sealfs_video,10700.8
sealfs_video,10700.8
sealfs_video,10700.8
sealfs_video,10700.8
sealfs_video,10700.8
sealfs_video,10700.8
sealfs_video,10700.8
sealfs_video,10700.8
sealfs_video,10700.8
sealfs_video,10700.8
ext4_video,10711.04
ext4_video,10711.04
ext4_video,10711.04
ext4_video,10711.04
ext4_video,10711.04
ext4_video,10711.04
ext4_video,10711.04
ext4_video,10711.04
ext4_video,10711.04
ext4_video,10711.04
ext4_video,10711.04
ext4_video,10711.04
ext4_video,10711.04
ext4_video,10711.04
ext4_video,10711.04
ext4_video,10711.04
ext4_video,10711.04
sealfs_video,10711.04
sealfs_video,10711.04
sealfs_video,10711.04
sealfs_video,10711.04
sealfs_video,10711.04
sealfs_video,10711.04
sealfs_video,10711.04
sealfs_video,10711.04
sealfs_video,10711.04
sealfs_video,10711.04
sealfs_video,10711.04
sealfs_video,10711.04
sealfs_video,10711.04
sealfs_video,10711.04
sealfs_video,10711.04
sealfs_video,10711.04
sealfs_video,10711.04
sealfs_video,10711.04
sealfs_video,10711.04
sealfs_video,10711.04
sealfs_video,10711.04
sealfs_video,10711.04
sealfs_video,10711.04
sealfs_video,10711.04
sealfs_video,10711.04
sealfs_video,10711.04
sealfs_video,10711.04
sealfs_video,10711.04
sealfs_video,10711.04
ext4_video,10721.28
ext4_video,10721.28
ext4_video,10721.28
ext4_video,10721.28
ext4_video,10721.28
ext4_video,10721.28
ext4_video,10721.28
ext4_video,10721.28
ext4_video,10721.28
ext4_video,10721.28
ext4_video,10721.28
ext4_video,10721.28
ext4_video,10721.28
ext4_video,10721.28
ext4_video,10721.28
ext4_video,10721.28
ext4_video,10721.28
ext4_video,10721.28
ext4_video,10721.28
ext4_video,10721.28
ext4_video,10721.28
ext4_video,10721.28
sealfs_video,10721.28
sealfs_video,10721.28
sealfs_video,10721.28
sealfs_video,10721.28
sealfs_video,10721.28
sealfs_video,10721.28
sealfs_video,10721.28
sealfs_video,10721.28
sealfs_video,10721.28
sealfs_video,10721.28
sealfs_video,10721.28
sealfs_video,10721.28
sealfs_video,10721.28
sealfs_video,10721.28
sealfs_video,10721.28
sealfs_video,10721.28
sealfs_video,10721.28
sealfs_video,10721.28
sealfs_video,10721.28
sealfs_video,10721.28
sealfs_video,10721.28
sealfs_video,10721.28
sealfs_video,10721.28
ext4_video,10731.52
ext4_video,10731.52
ext4_video,10731.52
ext4_video,10731.52
ext4_video,10731.52
ext4_video,10731.52
ext4_video,10731.52
ext4_video,10731.52
ext4_video,10731.52
ext4_video,10731.52
ext4_video,10731.52
ext4_video,10731.52
ext4_video,10731.52
ext4_video,10731.52
ext4_video,10731.52
ext4_video,10731.52
ext4_video,10731.52
ext4_video,10731.52
ext4_video,10731.52
ext4_video,10731.52
ext4_video,10731.52
sealfs_video,10731.52
sealfs_video,10731.52
sealfs_video,10731.52
sealfs_video,10731.52
sealfs_video,10731.52
sealfs_video,10731.52
sealfs_video,10731.52
sealfs_video,10731.52
sealfs_video,10731.52
sealfs_video,10731.52
sealfs_video,10731.52
sealfs_video,10731.52
sealfs_video,10731.52
sealfs_video,10731.52
sealfs_video,10731.52
sealfs_video,10731.52
sealfs_video,10731.52
sealfs_video,10731.52
sealfs_video,10731.52
sealfs_video,10731.52
sealfs_video,10731.52
sealfs_video,10731.52
sealfs_video,10731.52
ext4_video,10741.76
ext4_video,10741.76
ext4_video,10741.76
ext4_video,10741.76
ext4_video,10741.76
ext4_video,10741.76
ext4_video,10741.76
ext4_video,10741.76
ext4_video,10741.76
ext4_video,10741.76
ext4_video,10741.76
ext4_video,10741.76
ext4_video,10741.76
ext4_video,10741.76
ext4_video,10741.76
ext4_video,10741.76
ext4_video,10741.76
ext4_video,10741.76
ext4_video,10741.76
ext4_video,10741.76
ext4_video,10741.76
ext4_video,10741.76
sealfs_video,10741.76
sealfs_video,10741.76
sealfs_video,10741.76
sealfs_video,10741.76
sealfs_video,10741.76
sealfs_video,10741.76
sealfs_video,10741.76
sealfs_video,10741.76
sealfs_video,10741.76
sealfs_video,10741.76
sealfs_video,10741.76
sealfs_video,10741.76
sealfs_video,10741.76
sealfs_video,10741.76
sealfs_video,10741.76
sealfs_video,10741.76
sealfs_video,10741.76
sealfs_video,10741.76
sealfs_video,10741.76
sealfs_video,10741.76
ext4_video,10752
ext4_video,10752
ext4_video,10752
ext4_video,10752
ext4_video,10752
ext4_video,10752
ext4_video,10752
ext4_video,10752
ext4_video,10752
ext4_video,10752
ext4_video,10752
ext4_video,10752
ext4_video,10752
ext4_video,10752
ext4_video,10752
sealfs_video,10752
sealfs_video,10752
sealfs_video,10752
sealfs_video,10752
sealfs_video,10752
sealfs_video,10752
sealfs_video,10752
sealfs_video,10752
sealfs_video,10752
sealfs_video,10752
ext4_video,10762.24
ext4_video,10762.24
ext4_video,10762.24
ext4_video,10762.24
ext4_video,10762.24
ext4_video,10762.24
ext4_video,10762.24
ext4_video,10762.24
ext4_video,10762.24
ext4_video,10762.24
ext4_video,10762.24
ext4_video,10762.24
ext4_video,10762.24
ext4_video,10762.24
ext4_video,10762.24
ext4_video,10762.24
ext4_video,10762.24
sealfs_video,10762.24
sealfs_video,10762.24
sealfs_video,10762.24
sealfs_video,10762.24
sealfs_video,10762.24
sealfs_video,10762.24
sealfs_video,10762.24
sealfs_video,10762.24
sealfs_video,10762.24
ext4_video,10772.48
ext4_video,10772.48
ext4_video,10772.48
ext4_video,10772.48
ext4_video,10772.48
ext4_video,10772.48
ext4_video,10772.48
ext4_video,10772.48
ext4_video,10772.48
ext4_video,10772.48
ext4_video,10772.48
ext4_video,10772.48
ext4_video,10772.48
ext4_video,10772.48
ext4_video,10772.48
ext4_video,10772.48
ext4_video,10772.48
sealfs_video,10772.48
sealfs_video,10772.48
sealfs_video,10772.48
sealfs_video,10772.48
sealfs_video,10772.48
sealfs_video,10772.48
sealfs_video,10772.48
sealfs_video,10772.48
sealfs_video,10772.48
sealfs_video,10772.48
ext4_video,10782.72
ext4_video,10782.72
ext4_video,10782.72
ext4_video,10782.72
ext4_video,10782.72
ext4_video,10782.72
ext4_video,10782.72
ext4_video,10782.72
ext4_video,10782.72
ext4_video,10782.72
ext4_video,10782.72
ext4_video,10782.72
ext4_video,10782.72
ext4_video,10782.72
ext4_video,10782.72
ext4_video,10782.72
sealfs_video,10782.72
sealfs_video,10782.72
sealfs_video,10782.72
sealfs_video,10782.72
sealfs_video,10782.72
sealfs_video,10782.72
sealfs_video,10782.72
sealfs_video,10782.72
sealfs_video,10782.72
sealfs_video,10782.72
sealfs_video,10782.72
sealfs_video,10782.72
sealfs_video,10782.72
ext4_video,10792.96
ext4_video,10792.96
ext4_video,10792.96
ext4_video,10792.96
ext4_video,10792.96
ext4_video,10792.96
ext4_video,10792.96
ext4_video,10792.96
ext4_video,10792.96
ext4_video,10792.96
ext4_video,10792.96
ext4_video,10792.96
ext4_video,10792.96
ext4_video,10792.96
ext4_video,10792.96
ext4_video,10792.96
ext4_video,10792.96
ext4_video,10792.96
ext4_video,10792.96
ext4_video,10792.96
sealfs_video,10792.96
sealfs_video,10792.96
sealfs_video,10792.96
sealfs_video,10792.96
sealfs_video,10792.96
sealfs_video,10792.96
sealfs_video,10792.96
sealfs_video,10792.96
sealfs_video,10792.96
sealfs_video,10792.96
ext4_video,10803.2
ext4_video,10803.2
ext4_video,10803.2
ext4_video,10803.2
ext4_video,10803.2
ext4_video,10803.2
ext4_video,10803.2
ext4_video,10803.2
ext4_video,10803.2
ext4_video,10803.2
ext4_video,10803.2
ext4_video,10803.2
ext4_video,10803.2
ext4_video,10803.2
ext4_video,10803.2
sealfs_video,10803.2
sealfs_video,10803.2
sealfs_video,10803.2
sealfs_video,10803.2
sealfs_video,10803.2
sealfs_video,10803.2
sealfs_video,10803.2
sealfs_video,10803.2
sealfs_video,10803.2
ext4_video,10813.44
ext4_video,10813.44
ext4_video,10813.44
ext4_video,10813.44
ext4_video,10813.44
ext4_video,10813.44
ext4_video,10813.44
ext4_video,10813.44
ext4_video,10813.44
ext4_video,10813.44
ext4_video,10813.44
ext4_video,10813.44
sealfs_video,10813.44
sealfs_video,10813.44
sealfs_video,10813.44
sealfs_video,10813.44
sealfs_video,10813.44
sealfs_video,10813.44
sealfs_video,10813.44
sealfs_video,10813.44
sealfs_video,10813.44
sealfs_video,10813.44
sealfs_video,10813.44
sealfs_video,10813.44
sealfs_video,10813.44
ext4_video,10823.68
ext4_video,10823.68
ext4_video,10823.68
ext4_video,10823.68
ext4_video,10823.68
ext4_video,10823.68
ext4_video,10823.68
sealfs_video,10823.68
sealfs_video,10823.68
sealfs_video,10823.68
sealfs_video,10823.68
sealfs_video,10823.68
sealfs_video,10823.68
sealfs_video,10823.68
sealfs_video,10823.68
sealfs_video,10823.68
sealfs_video,10823.68
sealfs_video,10823.68
sealfs_video,10823.68
sealfs_video,10823.68
sealfs_video,10823.68
sealfs_video,10823.68
sealfs_video,10823.68
ext4_video,10833.92
ext4_video,10833.92
ext4_video,10833.92
ext4_video,10833.92
ext4_video,10833.92
ext4_video,10833.92
ext4_video,10833.92
ext4_video,10833.92
ext4_video,10833.92
ext4_video,10833.92
sealfs_video,10833.92
sealfs_video,10833.92
sealfs_video,10833.92
sealfs_video,10833.92
sealfs_video,10833.92
ext4_video,10844.16
ext4_video,10844.16
ext4_video,10844.16
ext4_video,10844.16
ext4_video,10844.16
ext4_video,10844.16
ext4_video,10844.16
sealfs_video,10844.16
sealfs_video,10844.16
sealfs_video,10844.16
sealfs_video,10844.16
sealfs_video,10844.16
sealfs_video,10844.16
ext4_video,10854.4
ext4_video,10854.4
ext4_video,10854.4
ext4_video,10854.4
sealfs_video,10854.4
sealfs_video,10854.4
sealfs_video,10854.4
sealfs_video,10854.4
sealfs_video,10854.4
sealfs_video,10854.4
sealfs_video,10854.4
sealfs_video,10854.4
sealfs_video,10854.4
sealfs_video,10854.4
sealfs_video,10854.4
sealfs_video,10854.4
sealfs_video,10854.4
sealfs_video,10854.4
sealfs_video,10854.4
sealfs_video,10854.4
sealfs_video,10854.4
ext4_video,10864.64
ext4_video,10864.64
ext4_video,10864.64
ext4_video,10864.64
ext4_video,10864.64
ext4_video,10864.64
sealfs_video,10864.64
sealfs_video,10864.64
sealfs_video,10864.64
sealfs_video,10864.64
sealfs_video,10864.64
sealfs_video,10864.64
sealfs_video,10864.64
sealfs_video,10864.64
sealfs_video,10864.64
sealfs_video,10864.64
sealfs_video,10864.64
sealfs_video,10864.64
ext4_video,10874.88
ext4_video,10874.88
ext4_video,10874.88
ext4_video,10874.88
ext4_video,10874.88
ext4_video,10874.88
ext4_video,10874.88
ext4_video,10874.88
sealfs_video,10874.88
sealfs_video,10874.88
sealfs_video,10874.88
sealfs_video,10874.88
sealfs_video,10874.88
sealfs_video,10874.88
sealfs_video,10874.88
sealfs_video,10874.88
sealfs_video,10874.88
sealfs_video,10874.88
sealfs_video,10874.88
sealfs_video,10874.88
sealfs_video,10874.88
sealfs_video,10874.88
sealfs_video,10874.88
sealfs_video,10874.88
sealfs_video,10874.88
sealfs_video,10874.88
ext4_video,10885.12
ext4_video,10885.12
sealfs_video,10885.12
sealfs_video,10885.12
sealfs_video,10885.12
sealfs_video,10885.12
sealfs_video,10885.12
sealfs_video,10885.12
sealfs_video,10885.12
sealfs_video,10885.12
sealfs_video,10885.12
sealfs_video,10885.12
ext4_video,10895.36
ext4_video,10895.36
ext4_video,10895.36
sealfs_video,10895.36
sealfs_video,10895.36
sealfs_video,10895.36
sealfs_video,10895.36
sealfs_video,10895.36
sealfs_video,10895.36
sealfs_video,10895.36
sealfs_video,10895.36
sealfs_video,10895.36
ext4_video,10905.6
sealfs_video,10905.6
sealfs_video,10905.6
sealfs_video,10905.6
sealfs_video,10905.6
sealfs_video,10905.6
sealfs_video,10905.6
ext4_video,10915.84
sealfs_video,10915.84
ext4_video,10926.08
ext4_video,10926.08
sealfs_video,10926.08
ext4_video,10936.32
sealfs_video,10936.32
sealfs_video,10936.32
sealfs_video,10936.32
sealfs_video,10936.32
sealfs_video,10936.32
ext4_video,10946.56
ext4_video,10946.56
sealfs_video,10946.56
sealfs_video,10946.56
sealfs_video,10946.56
ext4_video,10956.8
ext4_video,10967.04
ext4_video,10977.28
sealfs_video,10977.28
sealfs_video,10977.28
ext4_video,10987.52
ext4_video,10987.52
ext4_video,10997.76
sealfs_video,10997.76
ext4_video,11008
ext4_video,11008
ext4_video,11008
sealfs_video,11008
ext4_video,11028.48
sealfs_video,11028.48
sealfs_video,11028.48
sealfs_video,11028.48
sealfs_video,11028.48
sealfs_video,11038.72
ext4_video,11048.96
sealfs_video,11048.96
sealfs_video,11048.96
ext4_video,11059.2
ext4_video,11079.68
ext4_video,11079.68
ext4_video,11089.92
sealfs_video,11264
ext4_video,11407.36
ext4_video,11530.24
sealfs_video,11601.92
ext4_video,11653.12
ext4_video,11663.36
sealfs_video,11704.32
sealfs_video,11714.56
sealfs_video,11714.56
ext4_video,11735.04
ext4_video,11796.48
ext4_video,11796.48
sealfs_video,11796.48
ext4_video,11816.96
ext4_video,11847.68
ext4_video,11857.92
ext4_video,11868.16
ext4_video,11878.4
ext4_video,11888.64
ext4_video,11898.88
ext4_video,11898.88
ext4_video,11898.88
ext4_video,11909.12
ext4_video,11909.12
sealfs_video,11909.12
ext4_video,11919.36
sealfs_video,11919.36
ext4_video,11929.6
ext4_video,11929.6
ext4_video,11929.6
ext4_video,11929.6
sealfs_video,11929.6
ext4_video,11950.08
sealfs_video,11950.08
sealfs_video,11950.08
ext4_video,11970.56
sealfs_video,12011.52
ext4_video,12093.44
sealfs_video,12144.64
ext4_video,12165.12
ext4_video,12175.36
sealfs_video,12206.08
sealfs_video,12216.32
ext4_video,12236.8
sealfs_video,12277.76
ext4_video,12318.72
ext4_video,12339.2
ext4_video,12359.68
ext4_video,12369.92
sealfs_video,12380.16
ext4_video,12390.4
ext4_video,12441.6
ext4_video,12472.32
ext4_video,12482.56
sealfs_video,12503.04
ext4_video,12533.76
ext4_video,12615.68
sealfs_video,12615.68
ext4_video,12636.16
sealfs_video,12646.4
ext4_video,12656.64
ext4_video,12656.64
ext4_video,12666.88
ext4_video,12666.88
sealfs_video,12666.88
ext4_video,12677.12
ext4_video,12687.36
ext4_video,12707.84
ext4_video,12707.84
ext4_video,12707.84
ext4_video,12718.08
ext4_video,12738.56
ext4_video,12748.8
ext4_video,12759.04
ext4_video,12769.28
ext4_video,12769.28
ext4_video,12769.28
ext4_video,12769.28
ext4_video,12769.28
ext4_video,12769.28
ext4_video,12779.52
ext4_video,12779.52
ext4_video,12789.76
ext4_video,12789.76
sealfs_video,12789.76
ext4_video,12800
ext4_video,12800
ext4_video,12800
ext4_video,12800
ext4_video,12800
ext4_video,12800
sealfs_video,12800
ext4_video,12810.24
ext4_video,12810.24
ext4_video,12820.48
ext4_video,12820.48
ext4_video,12820.48
ext4_video,12830.72
ext4_video,12830.72
sealfs_video,12840.96
ext4_video,12851.2
ext4_video,12851.2
ext4_video,12861.44
ext4_video,12871.68
ext4_video,12871.68
ext4_video,12871.68
ext4_video,12871.68
ext4_video,12871.68
ext4_video,12881.92
ext4_video,12881.92
ext4_video,12881.92
ext4_video,12881.92
ext4_video,12881.92
sealfs_video,12892.16
sealfs_video,12892.16
ext4_video,12902.4
sealfs_video,12902.4
ext4_video,12912.64
ext4_video,12912.64
ext4_video,12922.88
ext4_video,12922.88
ext4_video,12922.88
ext4_video,12933.12
ext4_video,12933.12
ext4_video,12933.12
ext4_video,12943.36
ext4_video,12943.36
ext4_video,12953.6
ext4_video,12953.6
ext4_video,12953.6
ext4_video,12963.84
ext4_video,12963.84
sealfs_video,12984.32
ext4_video,12994.56
ext4_video,13004.8
sealfs_video,13004.8
ext4_video,13025.28
sealfs_video,13035.52
ext4_video,13076.48
sealfs_video,13076.48
sealfs_video,13076.48
ext4_video,13086.72
ext4_video,13117.44
sealfs_video,13117.44
ext4_video,13137.92
sealfs_video,13178.88
sealfs_audio,154.22
sealfs_audio,153.52
sealfs_audio,150.32
sealfs_audio,150.32
sealfs_audio,150.22
sealfs_audio,150.14
sealfs_audio,149.94
sealfs_audio,148.64
sealfs_audio,148.08
sealfs_audio,147.27
sealfs_audio,147.16
sealfs_audio,147.14
ext4_audio,147.02
sealfs_audio,147.01
sealfs_audio,146.99
sealfs_audio,146.96
sealfs_audio,146.9
sealfs_audio,146.9
sealfs_audio,146.89
sealfs_audio,146.88
sealfs_audio,146.87
sealfs_audio,146.87
sealfs_audio,146.87
sealfs_audio,146.82
ext4_audio,146.81
sealfs_audio,146.8
sealfs_audio,146.8
sealfs_audio,146.78
sealfs_audio,146.74
ext4_audio,146.73
sealfs_audio,146.73
sealfs_audio,146.69
sealfs_audio,146.67
sealfs_audio,146.67
sealfs_audio,146.67
sealfs_audio,146.66
sealfs_audio,146.65
sealfs_audio,146.64
sealfs_audio,146.64
sealfs_audio,146.63
sealfs_audio,146.61
sealfs_audio,146.56
sealfs_audio,146.51
sealfs_audio,146.49
sealfs_audio,146.49
sealfs_audio,146.45
sealfs_audio,146.44
sealfs_audio,146.44
sealfs_audio,146.43
sealfs_audio,146.42
sealfs_audio,146.39
sealfs_audio,146.37
sealfs_audio,146.3
sealfs_audio,146.3
sealfs_audio,146.29
sealfs_audio,146.27
sealfs_audio,146.25
sealfs_audio,146.25
sealfs_audio,146.24
sealfs_audio,146.23
ext4_audio,146.21
sealfs_audio,146.2
sealfs_audio,146.18
sealfs_audio,146.17
sealfs_audio,146.16
sealfs_audio,146.11
sealfs_audio,146.1
sealfs_audio,146.09
sealfs_audio,146.08
sealfs_audio,146.04
ext4_audio,146.03
sealfs_audio,146.03
sealfs_audio,146.02
sealfs_audio,145.99
sealfs_audio,145.96
sealfs_audio,145.95
sealfs_audio,145.91
sealfs_audio,145.91
sealfs_audio,145.9
ext4_audio,145.81
sealfs_audio,145.8
sealfs_audio,145.77
sealfs_audio,145.76
sealfs_audio,145.76
sealfs_audio,145.73
sealfs_audio,145.7
sealfs_audio,145.68
sealfs_audio,145.68
sealfs_audio,145.66
sealfs_audio,145.66
sealfs_audio,145.62
sealfs_audio,145.51
sealfs_audio,145.49
sealfs_audio,145.43
sealfs_audio,145.21
sealfs_audio,145.13
sealfs_audio,145.1
sealfs_audio,145.03
sealfs_audio,144.73
ext4_audio,144.06
sealfs_audio,143.95
ext4_audio,143.75
ext4_audio,143.75
sealfs_audio,143.68
ext4_audio,143.6
sealfs_audio,143.57
sealfs_audio,143.55
ext4_audio,143.44
ext4_audio,143.4
ext4_audio,143.37
sealfs_audio,143.36
sealfs_audio,143.35
ext4_audio,143.33
ext4_audio,143.33
ext4_audio,143.31
ext4_audio,143.31
ext4_audio,143.31
ext4_audio,143.31
sealfs_audio,143.31
sealfs_audio,143.31
ext4_audio,143.3
sealfs_audio,143.3
sealfs_audio,143.29
ext4_audio,143.28
ext4_audio,143.26
sealfs_audio,143.25
sealfs_audio,143.24
ext4_audio,143.23
ext4_audio,143.23
ext4_audio,143.22
sealfs_audio,143.22
ext4_audio,143.21
sealfs_audio,143.21
sealfs_audio,143.21
ext4_audio,143.2
ext4_audio,143.2
sealfs_audio,143.19
ext4_audio,143.18
ext4_audio,143.18
ext4_audio,143.18
sealfs_audio,143.18
sealfs_audio,143.17
ext4_audio,143.16
sealfs_audio,143.16
ext4_audio,143.15
sealfs_audio,143.15
sealfs_audio,143.15
ext4_audio,143.14
sealfs_audio,143.14
ext4_audio,143.12
sealfs_audio,143.12
sealfs_audio,143.12
sealfs_audio,143.12
ext4_audio,143.11
sealfs_audio,143.11
ext4_audio,143.1
sealfs_audio,143.1
sealfs_audio,143.1
ext4_audio,143.08
sealfs_audio,143.08
sealfs_audio,143.08
ext4_audio,143.07
ext4_audio,143.06
ext4_audio,143.06
sealfs_audio,143.06
sealfs_audio,143.06
ext4_audio,143.05
sealfs_audio,143.05
sealfs_audio,143.05
ext4_audio,143.04
sealfs_audio,143.04
ext4_audio,143.03
ext4_audio,143.03
sealfs_audio,143.03
ext4_audio,143.02
ext4_audio,143.02
ext4_audio,143.01
ext4_audio,143.01
ext4_audio,143.01
ext4_audio,143
ext4_audio,143
ext4_audio,143
ext4_audio,143
sealfs_audio,143
sealfs_audio,143
sealfs_audio,143
ext4_audio,142.99
sealfs_audio,142.99
sealfs_audio,142.99
ext4_audio,142.98
sealfs_audio,142.98
sealfs_audio,142.98
ext4_audio,142.97
sealfs_audio,142.97
sealfs_audio,142.96
sealfs_audio,142.96
ext4_audio,142.95
ext4_audio,142.95
ext4_audio,142.95
ext4_audio,142.95
ext4_audio,142.95
sealfs_audio,142.95
sealfs_audio,142.95
ext4_audio,142.94
ext4_audio,142.94
sealfs_audio,142.94
sealfs_audio,142.94
sealfs_audio,142.94
ext4_audio,142.93
ext4_audio,142.92
ext4_audio,142.92
ext4_audio,142.92
sealfs_audio,142.92
sealfs_audio,142.92
ext4_audio,142.91
sealfs_audio,142.91
sealfs_audio,142.91
sealfs_audio,142.91
sealfs_audio,142.91
ext4_audio,142.9
ext4_audio,142.9
sealfs_audio,142.9
ext4_audio,142.89
ext4_audio,142.89
ext4_audio,142.88
ext4_audio,142.88
sealfs_audio,142.88
sealfs_audio,142.88
ext4_audio,142.87
sealfs_audio,142.86
sealfs_audio,142.86
ext4_audio,142.85
sealfs_audio,142.85
sealfs_audio,142.85
sealfs_audio,142.85
ext4_audio,142.84
ext4_audio,142.84
sealfs_audio,142.84
sealfs_audio,142.84
sealfs_audio,142.81
sealfs_audio,142.8
ext4_audio,142.79
ext4_audio,142.79
ext4_audio,142.79
sealfs_audio,142.79
sealfs_audio,142.79
sealfs_audio,142.79
ext4_audio,142.78
sealfs_audio,142.77
ext4_audio,142.76
ext4_audio,142.76
ext4_audio,142.76
sealfs_audio,142.76
sealfs_audio,142.76
sealfs_audio,142.76
sealfs_audio,142.75
sealfs_audio,142.75
ext4_audio,142.74
ext4_audio,142.74
ext4_audio,142.74
ext4_audio,142.73
sealfs_audio,142.73
sealfs_audio,142.73
ext4_audio,142.72
sealfs_audio,142.72
sealfs_audio,142.72
ext4_audio,142.71
ext4_audio,142.71
ext4_audio,142.71
ext4_audio,142.71
sealfs_audio,142.71
sealfs_audio,142.71
ext4_audio,142.7
ext4_audio,142.7
ext4_audio,142.69
ext4_audio,142.69
sealfs_audio,142.69
ext4_audio,142.68
ext4_audio,142.68
ext4_audio,142.68
ext4_audio,142.68
sealfs_audio,142.68
sealfs_audio,142.67
sealfs_audio,142.67
sealfs_audio,142.66
sealfs_audio,142.66
sealfs_audio,142.66
sealfs_audio,142.66
ext4_audio,142.65
ext4_audio,142.65
ext4_audio,142.65
ext4_audio,142.65
sealfs_audio,142.65
sealfs_audio,142.65
ext4_audio,142.64
sealfs_audio,142.64
sealfs_audio,142.64
ext4_audio,142.63
ext4_audio,142.63
ext4_audio,142.63
sealfs_audio,142.63
sealfs_audio,142.63
sealfs_audio,142.63
sealfs_audio,142.63
sealfs_audio,142.62
sealfs_audio,142.62
sealfs_audio,142.62
sealfs_audio,142.61
ext4_audio,142.6
sealfs_audio,142.6
sealfs_audio,142.6
ext4_audio,142.59
ext4_audio,142.59
sealfs_audio,142.58
sealfs_audio,142.58
ext4_audio,142.57
ext4_audio,142.57
sealfs_audio,142.57
sealfs_audio,142.56
ext4_audio,142.55
ext4_audio,142.54
sealfs_audio,142.54
sealfs_audio,142.54
ext4_audio,142.53
ext4_audio,142.53
sealfs_audio,142.53
sealfs_audio,142.53
ext4_audio,142.52
ext4_audio,142.52
ext4_audio,142.52
ext4_audio,142.52
sealfs_audio,142.52
ext4_audio,142.51
ext4_audio,142.51
sealfs_audio,142.51
sealfs_audio,142.5
sealfs_audio,142.5
sealfs_audio,142.48
ext4_audio,142.47
sealfs_audio,142.47
ext4_audio,142.46
ext4_audio,142.46
sealfs_audio,142.46
sealfs_audio,142.46
ext4_audio,142.45
ext4_audio,142.45
ext4_audio,142.45
ext4_audio,142.44
ext4_audio,142.44
sealfs_audio,142.44
sealfs_audio,142.44
sealfs_audio,142.44
ext4_audio,142.43
ext4_audio,142.43
sealfs_audio,142.43
sealfs_audio,142.43
ext4_audio,142.42
sealfs_audio,142.41
ext4_audio,142.4
ext4_audio,142.39
sealfs_audio,142.39
ext4_audio,142.38
ext4_audio,142.38
sealfs_audio,142.38
ext4_audio,142.37
ext4_audio,142.37
ext4_audio,142.36
ext4_audio,142.36
ext4_audio,142.36
sealfs_audio,142.36
ext4_audio,142.35
ext4_audio,142.35
sealfs_audio,142.35
ext4_audio,142.34
ext4_audio,142.34
sealfs_audio,142.33
ext4_audio,142.32
sealfs_audio,142.32
sealfs_audio,142.3
ext4_audio,142.29
sealfs_audio,142.29
sealfs_audio,142.29
sealfs_audio,142.29
sealfs_audio,142.29
ext4_audio,142.28
sealfs_audio,142.28
ext4_audio,142.27
sealfs_audio,142.27
sealfs_audio,142.26
sealfs_audio,142.26
ext4_audio,142.25
sealfs_audio,142.25
sealfs_audio,142.25
ext4_audio,142.24
sealfs_audio,142.24
sealfs_audio,142.24
sealfs_audio,142.24
ext4_audio,142.23
ext4_audio,142.22
ext4_audio,142.21
sealfs_audio,142.21
sealfs_audio,142.21
sealfs_audio,142.2
sealfs_audio,142.2
sealfs_audio,142.2
ext4_audio,142.19
sealfs_audio,142.19
sealfs_audio,142.19
sealfs_audio,142.18
ext4_audio,142.17
ext4_audio,142.17
sealfs_audio,142.17
ext4_audio,142.16
ext4_audio,142.16
sealfs_audio,142.16
ext4_audio,142.15
ext4_audio,142.14
sealfs_audio,142.14
ext4_audio,142.13
ext4_audio,142.13
ext4_audio,142.13
ext4_audio,142.12
sealfs_audio,142.12
ext4_audio,142.1
sealfs_audio,142.09
sealfs_audio,142.09
ext4_audio,142.08
ext4_audio,142.07
sealfs_audio,142.07
ext4_audio,142.06
sealfs_audio,142.05
sealfs_audio,142.04
ext4_audio,142.02
ext4_audio,142.02
sealfs_audio,142.02
sealfs_audio,142.01
ext4_audio,141.98
ext4_audio,141.96
sealfs_audio,141.93
sealfs_audio,141.91
ext4_audio,141.9
sealfs_audio,141.9
sealfs_audio,141.9
sealfs_audio,141.89
ext4_audio,141.88
ext4_audio,141.87
sealfs_audio,141.87
sealfs_audio,141.86
sealfs_audio,141.86
ext4_audio,141.85
sealfs_audio,141.84
sealfs_audio,141.83
sealfs_audio,141.79
sealfs_audio,141.78
ext4_audio,141.77
ext4_audio,141.77
sealfs_audio,141.77
sealfs_audio,141.77
sealfs_audio,141.74
sealfs_audio,141.72
ext4_audio,141.71
sealfs_audio,141.7
ext4_audio,141.68
sealfs_audio,141.68
sealfs_audio,141.66
sealfs_audio,141.66
sealfs_audio,141.65
sealfs_audio,141.62
sealfs_audio,141.57
ext4_audio,141.53
ext4_audio,141.51
sealfs_audio,141.5
sealfs_audio,141.47
sealfs_audio,141.44
ext4_audio,141.38
ext4_audio,141.35
sealfs_audio,141.28
sealfs_audio,141.24
ext4_audio,141.23
ext4_audio,141.1
sealfs_audio,141.03
sealfs_audio,140.97
ext4_audio,140.62
ext4_audio,140.48
ext4_audio,140.46
ext4_audio,140.42
sealfs_audio,140.4
sealfs_audio,140.39
sealfs_audio,140.33
sealfs_audio,140.32
sealfs_audio,140.32
ext4_audio,140.22
sealfs_audio,140.13
ext4_audio,140.06
ext4_audio,139.95
ext4_audio,139.94
ext4_audio,139.88
ext4_audio,139.86
sealfs_audio,139.83
sealfs_audio,139.79
sealfs_audio,139.78
sealfs_audio,139.77
ext4_audio,139.7
ext4_audio,139.67
sealfs_audio,139.65
ext4_audio,139.61
ext4_audio,139.6
ext4_audio,139.57
sealfs_audio,139.57
ext4_audio,139.53
sealfs_audio,139.53
ext4_audio,139.52
ext4_audio,139.52
ext4_audio,139.51
ext4_audio,139.51
ext4_audio,139.51
ext4_audio,139.5
ext4_audio,139.49
sealfs_audio,139.49
ext4_audio,139.47
sealfs_audio,139.47
ext4_audio,139.46
sealfs_audio,139.46
ext4_audio,139.45
ext4_audio,139.45
ext4_audio,139.44
sealfs_audio,139.44
sealfs_audio,139.44
ext4_audio,139.43
sealfs_audio,139.43
sealfs_audio,139.43
ext4_audio,139.42
ext4_audio,139.42
sealfs_audio,139.42
ext4_audio,139.41
ext4_audio,139.41
sealfs_audio,139.41
ext4_audio,139.4
sealfs_audio,139.4
sealfs_audio,139.4
ext4_audio,139.39
ext4_audio,139.38
ext4_audio,139.38
sealfs_audio,139.38
sealfs_audio,139.38
ext4_audio,139.36
ext4_audio,139.36
sealfs_audio,139.36
sealfs_audio,139.36
sealfs_audio,139.35
sealfs_audio,139.35
sealfs_audio,139.35
sealfs_audio,139.35
ext4_audio,139.34
ext4_audio,139.34
ext4_audio,139.33
ext4_audio,139.33
sealfs_audio,139.33
ext4_audio,139.32
ext4_audio,139.32
sealfs_audio,139.32
sealfs_audio,139.32
sealfs_audio,139.32
ext4_audio,139.3
ext4_audio,139.3
ext4_audio,139.3
sealfs_audio,139.3
ext4_audio,139.29
ext4_audio,139.29
ext4_audio,139.29
ext4_audio,139.29
ext4_audio,139.29
ext4_audio,139.29
sealfs_audio,139.29
ext4_audio,139.28
ext4_audio,139.28
sealfs_audio,139.28
ext4_audio,139.27
ext4_audio,139.27
ext4_audio,139.27
sealfs_audio,139.27
sealfs_audio,139.27
sealfs_audio,139.27
ext4_audio,139.26
ext4_audio,139.26
ext4_audio,139.26
ext4_audio,139.26
ext4_audio,139.26
ext4_audio,139.26
sealfs_audio,139.26
sealfs_audio,139.26
ext4_audio,139.25
ext4_audio,139.25
ext4_audio,139.25
sealfs_audio,139.25
sealfs_audio,139.25
ext4_audio,139.24
ext4_audio,139.24
sealfs_audio,139.24
sealfs_audio,139.24
sealfs_audio,139.24
ext4_audio,139.23
sealfs_audio,139.23
sealfs_audio,139.23
sealfs_audio,139.23
sealfs_audio,139.23
ext4_audio,139.22
ext4_audio,139.22
sealfs_audio,139.22
sealfs_audio,139.22
ext4_audio,139.21
ext4_audio,139.21
sealfs_audio,139.21
sealfs_audio,139.21
sealfs_audio,139.21
sealfs_audio,139.21
ext4_audio,139.2
ext4_audio,139.2
sealfs_audio,139.2
sealfs_audio,139.2
ext4_audio,139.19
ext4_audio,139.19
ext4_audio,139.19
ext4_audio,139.19
ext4_audio,139.19
ext4_audio,139.18
ext4_audio,139.18
sealfs_audio,139.18
sealfs_audio,139.18
sealfs_audio,139.18
sealfs_audio,139.18
sealfs_audio,139.18
sealfs_audio,139.17
ext4_audio,139.16
sealfs_audio,139.16
sealfs_audio,139.16
ext4_audio,139.15
ext4_audio,139.15
ext4_audio,139.15
sealfs_audio,139.15
sealfs_audio,139.15
sealfs_audio,139.15
ext4_audio,139.14
sealfs_audio,139.14
sealfs_audio,139.14
ext4_audio,139.13
ext4_audio,139.13
ext4_audio,139.13
sealfs_audio,139.13
sealfs_audio,139.13
sealfs_audio,139.13
sealfs_audio,139.13
ext4_audio,139.12
ext4_audio,139.12
sealfs_audio,139.12
sealfs_audio,139.12
sealfs_audio,139.12
ext4_audio,139.11
ext4_audio,139.11
ext4_audio,139.11
sealfs_audio,139.11
sealfs_audio,139.11
sealfs_audio,139.11
sealfs_audio,139.11
sealfs_audio,139.11
ext4_audio,139.1
ext4_audio,139.1
ext4_audio,139.1
ext4_audio,139.1
sealfs_audio,139.1
sealfs_audio,139.1
ext4_audio,139.09
ext4_audio,139.09
ext4_audio,139.09
ext4_audio,139.09
sealfs_audio,139.09
ext4_audio,139.08
ext4_audio,139.08
ext4_audio,139.08
sealfs_audio,139.08
ext4_audio,139.07
ext4_audio,139.07
ext4_audio,139.07
sealfs_audio,139.07
ext4_audio,139.06
ext4_audio,139.06
ext4_audio,139.06
ext4_audio,139.05
ext4_audio,139.05
ext4_audio,139.05
ext4_audio,139.05
ext4_audio,139.05
sealfs_audio,139.05
sealfs_audio,139.05
ext4_audio,139.04
ext4_audio,139.04
sealfs_audio,139.04
sealfs_audio,139.04
sealfs_audio,139.04
sealfs_audio,139.04
ext4_audio,139.03
sealfs_audio,139.03
sealfs_audio,139.03
sealfs_audio,139.03
sealfs_audio,139.03
sealfs_audio,139.03
sealfs_audio,139.03
ext4_audio,139.02
ext4_audio,139.02
ext4_audio,139.02
ext4_audio,139.02
ext4_audio,139.01
ext4_audio,139.01
ext4_audio,139.01
ext4_audio,139.01
ext4_audio,139.01
ext4_audio,139.01
sealfs_audio,139.01
ext4_audio,139
ext4_audio,139
sealfs_audio,139
ext4_audio,138.99
ext4_audio,138.99
sealfs_audio,138.99
sealfs_audio,138.99
sealfs_audio,138.99
sealfs_audio,138.99
ext4_audio,138.98
ext4_audio,138.98
ext4_audio,138.98
ext4_audio,138.98
ext4_audio,138.98
sealfs_audio,138.98
ext4_audio,138.97
ext4_audio,138.97
ext4_audio,138.97
sealfs_audio,138.97
sealfs_audio,138.97
sealfs_audio,138.97
sealfs_audio,138.97
sealfs_audio,138.97
ext4_audio,138.96
ext4_audio,138.96
sealfs_audio,138.96
ext4_audio,138.95
sealfs_audio,138.95
sealfs_audio,138.95
ext4_audio,138.94
ext4_audio,138.94
ext4_audio,138.94
sealfs_audio,138.94
sealfs_audio,138.94
ext4_audio,138.93
ext4_audio,138.93
ext4_audio,138.93
ext4_audio,138.93
ext4_audio,138.93
ext4_audio,138.93
ext4_audio,138.93
sealfs_audio,138.93
sealfs_audio,138.92
sealfs_audio,138.92
ext4_audio,138.91
ext4_audio,138.91
sealfs_audio,138.91
sealfs_audio,138.91
sealfs_audio,138.9
sealfs_audio,138.9
sealfs_audio,138.9
sealfs_audio,138.9
sealfs_audio,138.9
sealfs_audio,138.9
ext4_audio,138.88
ext4_audio,138.88
ext4_audio,138.88
ext4_audio,138.88
sealfs_audio,138.88
sealfs_audio,138.88
sealfs_audio,138.87
sealfs_audio,138.87
sealfs_audio,138.87
sealfs_audio,138.87
sealfs_audio,138.87
ext4_audio,138.86
ext4_audio,138.86
ext4_audio,138.86
sealfs_audio,138.86
sealfs_audio,138.86
ext4_audio,138.85
ext4_audio,138.85
ext4_audio,138.85
sealfs_audio,138.85
ext4_audio,138.84
ext4_audio,138.84
ext4_audio,138.84
ext4_audio,138.84
ext4_audio,138.84
sealfs_audio,138.84
ext4_audio,138.83
ext4_audio,138.83
sealfs_audio,138.83
ext4_audio,138.82
ext4_audio,138.82
sealfs_audio,138.82
sealfs_audio,138.82
ext4_audio,138.81
ext4_audio,138.81
sealfs_audio,138.81
ext4_audio,138.8
sealfs_audio,138.8
sealfs_audio,138.8
ext4_audio,138.79
ext4_audio,138.79
sealfs_audio,138.79
sealfs_audio,138.79
sealfs_audio,138.79
sealfs_audio,138.79
sealfs_audio,138.79
ext4_audio,138.78
ext4_audio,138.78
ext4_audio,138.78
sealfs_audio,138.78
sealfs_audio,138.78
sealfs_audio,138.78
sealfs_audio,138.78
sealfs_audio,138.78
ext4_audio,138.77
ext4_audio,138.77
ext4_audio,138.77
sealfs_audio,138.77
sealfs_audio,138.76
ext4_audio,138.75
ext4_audio,138.75
sealfs_audio,138.75
sealfs_audio,138.75
sealfs_audio,138.75
sealfs_audio,138.75
sealfs_audio,138.75
sealfs_audio,138.75
ext4_audio,138.74
ext4_audio,138.74
ext4_audio,138.74
ext4_audio,138.74
sealfs_audio,138.74
ext4_audio,138.73
ext4_audio,138.73
ext4_audio,138.73
ext4_audio,138.73
sealfs_audio,138.73
ext4_audio,138.72
sealfs_audio,138.72
sealfs_audio,138.72
ext4_audio,138.71
ext4_audio,138.71
ext4_audio,138.71
ext4_audio,138.71
ext4_audio,138.7
ext4_audio,138.7
ext4_audio,138.7
ext4_audio,138.69
ext4_audio,138.69
ext4_audio,138.69
sealfs_audio,138.69
ext4_audio,138.68
ext4_audio,138.68
ext4_audio,138.67
ext4_audio,138.67
ext4_audio,138.67
ext4_audio,138.67
sealfs_audio,138.67
ext4_audio,138.66
sealfs_audio,138.66
sealfs_audio,138.66
sealfs_audio,138.66
sealfs_audio,138.66
sealfs_audio,138.66
ext4_audio,138.65
ext4_audio,138.65
ext4_audio,138.65
ext4_audio,138.65
sealfs_audio,138.65
ext4_audio,138.64
ext4_audio,138.64
ext4_audio,138.63
sealfs_audio,138.63
ext4_audio,138.62
ext4_audio,138.62
ext4_audio,138.62
ext4_audio,138.62
ext4_audio,138.62
ext4_audio,138.62
sealfs_audio,138.62
ext4_audio,138.61
ext4_audio,138.61
ext4_audio,138.61
ext4_audio,138.6
ext4_audio,138.6
sealfs_audio,138.6
ext4_audio,138.59
ext4_audio,138.59
sealfs_audio,138.59
ext4_audio,138.58
ext4_audio,138.58
ext4_audio,138.58
ext4_audio,138.58
sealfs_audio,138.58
sealfs_audio,138.58
sealfs_audio,138.56
sealfs_audio,138.56
ext4_audio,138.55
sealfs_audio,138.55
ext4_audio,138.54
ext4_audio,138.54
sealfs_audio,138.54
ext4_audio,138.53
sealfs_audio,138.53
sealfs_audio,138.53
ext4_audio,138.52
ext4_audio,138.52
ext4_audio,138.52
ext4_audio,138.52
ext4_audio,138.52
sealfs_audio,138.52
ext4_audio,138.51
ext4_audio,138.51
ext4_audio,138.51
sealfs_audio,138.51
ext4_audio,138.5
ext4_audio,138.5
sealfs_audio,138.49
sealfs_audio,138.48
ext4_audio,138.47
ext4_audio,138.47
ext4_audio,138.47
sealfs_audio,138.47
ext4_audio,138.46
ext4_audio,138.46
ext4_audio,138.46
ext4_audio,138.46
ext4_audio,138.46
sealfs_audio,138.46
ext4_audio,138.45
ext4_audio,138.45
ext4_audio,138.45
sealfs_audio,138.45
sealfs_audio,138.45
ext4_audio,138.44
ext4_audio,138.44
ext4_audio,138.44
ext4_audio,138.44
sealfs_audio,138.44
ext4_audio,138.43
ext4_audio,138.43
ext4_audio,138.43
ext4_audio,138.43
sealfs_audio,138.43
sealfs_audio,138.43
sealfs_audio,138.43
sealfs_audio,138.43
ext4_audio,138.42
ext4_audio,138.42
ext4_audio,138.41
ext4_audio,138.41
sealfs_audio,138.4
sealfs_audio,138.39
sealfs_audio,138.38
sealfs_audio,138.38
ext4_audio,138.37
ext4_audio,138.36
sealfs_audio,138.35
sealfs_audio,138.35
sealfs_audio,138.34
sealfs_audio,138.34
sealfs_audio,138.33
sealfs_audio,138.33
sealfs_audio,138.32
ext4_audio,138.31
ext4_audio,138.31
ext4_audio,138.31
ext4_audio,138.31
ext4_audio,138.31
ext4_audio,138.31
ext4_audio,138.31
sealfs_audio,138.31
sealfs_audio,138.3
sealfs_audio,138.3
sealfs_audio,138.3
ext4_audio,138.29
sealfs_audio,138.29
sealfs_audio,138.29
ext4_audio,138.28
ext4_audio,138.27
ext4_audio,138.27
ext4_audio,138.27
sealfs_audio,138.27
ext4_audio,138.26
sealfs_audio,138.26
sealfs_audio,138.25
ext4_audio,138.24
ext4_audio,138.23
sealfs_audio,138.22
ext4_audio,138.21
sealfs_audio,138.2
sealfs_audio,138.2
ext4_audio,138.17
sealfs_audio,138.17
sealfs_audio,138.17
ext4_audio,138.16
sealfs_audio,138.16
sealfs_audio,138.16
sealfs_audio,138.16
ext4_audio,138.15
ext4_audio,138.14
ext4_audio,138.14
ext4_audio,138.13
ext4_audio,138.13
ext4_audio,138.12
sealfs_audio,138.12
sealfs_audio,138.12
ext4_audio,138.11
ext4_audio,138.11
sealfs_audio,138.1
sealfs_audio,138.1
sealfs_audio,138.09
sealfs_audio,138.08
ext4_audio,138.07
ext4_audio,138.07
sealfs_audio,138.07
ext4_audio,138.06
sealfs_audio,138.06
ext4_audio,138.05
sealfs_audio,138.05
sealfs_audio,138.05
ext4_audio,138.02
ext4_audio,138.02
ext4_audio,138.02
sealfs_audio,138.01
ext4_audio,137.98
ext4_audio,137.94
sealfs_audio,137.94
ext4_audio,137.92
ext4_audio,137.92
ext4_audio,137.9
sealfs_audio,137.89
ext4_audio,137.88
ext4_audio,137.86
ext4_audio,137.86
ext4_audio,137.84
ext4_audio,137.83
sealfs_audio,137.82
ext4_audio,137.81
ext4_audio,137.8
ext4_audio,137.79
ext4_audio,137.79
ext4_audio,137.78
ext4_audio,137.77
ext4_audio,137.75
sealfs_audio,137.74
sealfs_audio,137.69
sealfs_audio,137.68
sealfs_audio,137.66
ext4_audio,137.64
sealfs_audio,137.63
sealfs_audio,137.63
sealfs_audio,137.62
sealfs_audio,137.6
ext4_audio,137.58
ext4_audio,137.57
sealfs_audio,137.56
ext4_audio,137.54
ext4_audio,137.49
ext4_audio,137.48
sealfs_audio,137.47
sealfs_audio,137.46
ext4_audio,137.41
sealfs_audio,137.37
ext4_audio,137.31
ext4_audio,137.3
ext4_audio,137.29
ext4_audio,137.26
ext4_audio,137.17
ext4_audio,137.11
sealfs_audio,137.06
ext4_audio,137.03
sealfs_audio,137
sealfs_audio,136.95
ext4_audio,136.91
ext4_audio,136.89
ext4_audio,136.88
ext4_audio,136.88
sealfs_audio,136.85
sealfs_audio,136.78
ext4_audio,136.72
sealfs_audio,136.68
sealfs_audio,136.63
sealfs_audio,136.62
sealfs_audio,136.61
sealfs_audio,136.58
sealfs_audio,136.55
ext4_audio,136.5
ext4_audio,136.47
ext4_audio,136.47
sealfs_audio,136.29
ext4_audio,136.28
sealfs_audio,136.28
sealfs_audio,136.22
ext4_audio,136.17
ext4_audio,136.15
ext4_audio,136.1
sealfs_audio,136.04
sealfs_audio,136.03
sealfs_audio,135.93
ext4_audio,135.8
sealfs_audio,135.8
ext4_audio,135.78
ext4_audio,135.73
ext4_audio,135.72
sealfs_audio,135.71
ext4_audio,135.7
ext4_audio,135.67
ext4_audio,135.67
ext4_audio,135.62
sealfs_audio,135.6
sealfs_audio,135.6
sealfs_audio,135.59
ext4_audio,135.56
ext4_audio,135.53
sealfs_audio,135.53
ext4_audio,135.48
ext4_audio,135.47
sealfs_audio,135.43
ext4_audio,135.41
sealfs_audio,135.4
ext4_audio,135.38
sealfs_audio,135.38
ext4_audio,135.37
ext4_audio,135.31
sealfs_audio,135.29
sealfs_audio,135.28
ext4_audio,135.27
sealfs_audio,135.27
sealfs_audio,135.26
ext4_audio,135.25
ext4_audio,135.23
ext4_audio,135.23
ext4_audio,135.21
ext4_audio,135.16
sealfs_audio,135.14
ext4_audio,135.13
sealfs_audio,135.13
sealfs_audio,135.13
ext4_audio,135.1
sealfs_audio,135.04
ext4_audio,135.03
sealfs_audio,135.01
ext4_audio,134.97
ext4_audio,134.97
ext4_audio,134.96
ext4_audio,134.96
ext4_audio,134.96
sealfs_audio,134.96
sealfs_audio,134.94
ext4_audio,134.9
ext4_audio,134.87
sealfs_audio,134.86
sealfs_audio,134.86
ext4_audio,134.85
ext4_audio,134.84
ext4_audio,134.79
sealfs_audio,134.78
ext4_audio,134.77
ext4_audio,134.76
ext4_audio,134.73
sealfs_audio,134.72
ext4_audio,134.71
ext4_audio,134.69
sealfs_audio,134.68
sealfs_audio,134.56
sealfs_audio,134.52
sealfs_audio,134.5
sealfs_audio,134.43
sealfs_audio,134.42
sealfs_audio,134.4
sealfs_audio,134.3
ext4_audio,134.28
sealfs_audio,133.99
sealfs_audio,133.73
ext4_audio,133.63
ext4_audio,132.97
ext4_audio,132.69
sealfs_audio,132
sealfs_audio,132
ext4_audio,131.97
sealfs_audio,131.96
sealfs_audio,131.91
ext4_audio,131.9
ext4_audio,131.88
ext4_audio,131.84
sealfs_audio,131.84
ext4_audio,131.8
ext4_audio,131.79
ext4_audio,131.79
ext4_audio,131.77
ext4_audio,131.77
sealfs_audio,131.77
ext4_audio,131.76
sealfs_audio,131.72
ext4_audio,131.71
sealfs_audio,131.71
ext4_audio,131.7
sealfs_audio,131.7
sealfs_audio,131.7
sealfs_audio,131.7
sealfs_audio,131.68
sealfs_audio,131.68
sealfs_audio,131.67
sealfs_audio,131.66
sealfs_audio,131.66
ext4_audio,131.64
ext4_audio,131.64
sealfs_audio,131.62
ext4_audio,131.61
sealfs_audio,131.59
sealfs_audio,131.59
ext4_audio,131.58
sealfs_audio,131.58
sealfs_audio,131.58
sealfs_audio,131.58
sealfs_audio,131.57
ext4_audio,131.56
sealfs_audio,131.56
sealfs_audio,131.56
sealfs_audio,131.55
sealfs_audio,131.52
sealfs_audio,131.51
sealfs_audio,131.49
sealfs_audio,131.49
sealfs_audio,131.48
sealfs_audio,131.47
ext4_audio,131.46
ext4_audio,131.46
sealfs_audio,131.46
sealfs_audio,131.46
ext4_audio,131.45
sealfs_audio,131.43
sealfs_audio,131.42
sealfs_audio,131.42
sealfs_audio,131.39
sealfs_audio,131.39
ext4_audio,131.38
ext4_audio,131.36
ext4_audio,131.34
ext4_audio,131.33
sealfs_audio,131.33
sealfs_audio,131.33
ext4_audio,131.32
sealfs_audio,131.32
sealfs_audio,131.31
sealfs_audio,131.26
sealfs_audio,131.23
ext4_audio,131.21
sealfs_audio,131.21
sealfs_audio,131.2
sealfs_audio,131.17
ext4_audio,131.16
sealfs_audio,131.15
ext4_audio,131.14
sealfs_audio,131.13
sealfs_audio,131.12
sealfs_audio,131.11
sealfs_audio,131.11
sealfs_audio,131.08
sealfs_audio,131.04
sealfs_audio,131.04
ext4_audio,131.03
sealfs_audio,131.03
ext4_audio,131
ext4_audio,130.99
sealfs_audio,130.98
sealfs_audio,130.97
sealfs_audio,130.96
sealfs_audio,130.95
ext4_audio,130.86
sealfs_audio,130.86
sealfs_audio,130.86
sealfs_audio,130.85
ext4_audio,130.75
ext4_audio,130.75
sealfs_audio,130.75
sealfs_audio,130.74
ext4_audio,130.73
sealfs_audio,130.73
ext4_audio,130.69
sealfs_audio,130.67
sealfs_audio,130.67
sealfs_audio,130.65
sealfs_audio,130.61
sealfs_audio,130.53
sealfs_audio,130.49
ext4_audio,130.47
sealfs_audio,130.45
sealfs_audio,130.19
ext4_audio,130.08
sealfs_audio,129.93
ext4_audio,129.06
sealfs_audio,128.71
ext4_audio,128.61
sealfs_audio,128.61
ext4_audio,128.58
sealfs_audio,128.52
sealfs_audio,128.42
ext4_audio,128.3
ext4_audio,128.27
ext4_audio,128.27
ext4_audio,128.25
ext4_audio,128.25
ext4_audio,128.25
ext4_audio,128.24
ext4_audio,128.23
ext4_audio,128.23
sealfs_audio,128.23
ext4_audio,128.22
ext4_audio,128.22
sealfs_audio,128.22
sealfs_audio,128.22
sealfs_audio,128.2
sealfs_audio,128.2
ext4_audio,128.19
ext4_audio,128.18
ext4_audio,128.18
ext4_audio,128.18
ext4_audio,128.18
ext4_audio,128.16
sealfs_audio,128.16
ext4_audio,128.15
ext4_audio,128.15
sealfs_audio,128.15
ext4_audio,128.14
sealfs_audio,128.14
ext4_audio,128.13
sealfs_audio,128.12
ext4_audio,128.11
ext4_audio,128.11
ext4_audio,128.11
ext4_audio,128.11
sealfs_audio,128.11
sealfs_audio,128.11
sealfs_audio,128.1
sealfs_audio,128.1
sealfs_audio,128.1
ext4_audio,128.09
ext4_audio,128.09
ext4_audio,128.07
ext4_audio,128.05
ext4_audio,128.05
ext4_audio,128.05
ext4_audio,128.04
ext4_audio,128.04
ext4_audio,128.04
sealfs_audio,128.04
sealfs_audio,128.03
sealfs_audio,128.02
ext4_audio,128.01
ext4_audio,128
ext4_audio,128
sealfs_audio,128
sealfs_audio,128
sealfs_audio,128
ext4_audio,127.99
ext4_audio,127.99
ext4_audio,127.99
sealfs_audio,127.99
ext4_audio,127.98
ext4_audio,127.98
ext4_audio,127.98
ext4_audio,127.98
ext4_audio,127.97
sealfs_audio,127.97
ext4_audio,127.96
sealfs_audio,127.96
sealfs_audio,127.96
ext4_audio,127.95
sealfs_audio,127.95
sealfs_audio,127.95
ext4_audio,127.94
ext4_audio,127.94
sealfs_audio,127.94
sealfs_audio,127.94
ext4_audio,127.93
ext4_audio,127.93
ext4_audio,127.93
sealfs_audio,127.93
sealfs_audio,127.93
sealfs_audio,127.93
ext4_audio,127.92
ext4_audio,127.92
ext4_audio,127.92
sealfs_audio,127.92
ext4_audio,127.91
ext4_audio,127.91
sealfs_audio,127.91
sealfs_audio,127.91
sealfs_audio,127.9
ext4_audio,127.89
ext4_audio,127.89
ext4_audio,127.89
sealfs_audio,127.89
sealfs_audio,127.89
sealfs_audio,127.89
ext4_audio,127.88
sealfs_audio,127.87
sealfs_audio,127.86
sealfs_audio,127.86
ext4_audio,127.85
ext4_audio,127.85
ext4_audio,127.84
ext4_audio,127.84
ext4_audio,127.84
ext4_audio,127.84
ext4_audio,127.84
ext4_audio,127.83
ext4_audio,127.83
sealfs_audio,127.83
sealfs_audio,127.83
ext4_audio,127.82
sealfs_audio,127.82
sealfs_audio,127.82
ext4_audio,127.81
ext4_audio,127.81
ext4_audio,127.81
sealfs_audio,127.81
ext4_audio,127.8
ext4_audio,127.8
sealfs_audio,127.8
sealfs_audio,127.8
ext4_audio,127.79
sealfs_audio,127.79
ext4_audio,127.78
ext4_audio,127.78
ext4_audio,127.78
sealfs_audio,127.78
ext4_audio,127.77
sealfs_audio,127.77
sealfs_audio,127.77
sealfs_audio,127.77
sealfs_audio,127.76
ext4_audio,127.75
ext4_audio,127.75
ext4_audio,127.74
ext4_audio,127.74
ext4_audio,127.74
ext4_audio,127.74
sealfs_audio,127.74
ext4_audio,127.73
ext4_audio,127.73
ext4_audio,127.73
ext4_audio,127.73
ext4_audio,127.73
ext4_audio,127.73
sealfs_audio,127.73
sealfs_audio,127.72
sealfs_audio,127.72
ext4_audio,127.71
ext4_audio,127.71
ext4_audio,127.71
sealfs_audio,127.7
sealfs_audio,127.69
ext4_audio,127.68
ext4_audio,127.68
ext4_audio,127.68
sealfs_audio,127.68
ext4_audio,127.67
ext4_audio,127.67
sealfs_audio,127.67
sealfs_audio,127.67
ext4_audio,127.66
ext4_audio,127.66
ext4_audio,127.65
sealfs_audio,127.65
sealfs_audio,127.65
sealfs_audio,127.65
sealfs_audio,127.64
sealfs_audio,127.64
sealfs_audio,127.64
sealfs_audio,127.64
sealfs_audio,127.64
sealfs_audio,127.63
sealfs_audio,127.63
ext4_audio,127.62
sealfs_audio,127.62
sealfs_audio,127.62
ext4_audio,127.61
sealfs_audio,127.61
ext4_audio,127.6
ext4_audio,127.6
sealfs_audio,127.6
sealfs_audio,127.6
ext4_audio,127.59
sealfs_audio,127.59
ext4_audio,127.58
ext4_audio,127.58
ext4_audio,127.57
ext4_audio,127.57
ext4_audio,127.57
sealfs_audio,127.57
ext4_audio,127.56
ext4_audio,127.56
sealfs_audio,127.56
sealfs_audio,127.56
sealfs_audio,127.55
sealfs_audio,127.55
ext4_audio,127.54
ext4_audio,127.54
ext4_audio,127.54
sealfs_audio,127.54
sealfs_audio,127.54
ext4_audio,127.53
ext4_audio,127.53
sealfs_audio,127.53
sealfs_audio,127.53
ext4_audio,127.52
ext4_audio,127.51
sealfs_audio,127.5
ext4_audio,127.49
ext4_audio,127.49
ext4_audio,127.49
sealfs_audio,127.49
ext4_audio,127.48
ext4_audio,127.48
sealfs_audio,127.48
ext4_audio,127.47
sealfs_audio,127.47
ext4_audio,127.46
ext4_audio,127.46
sealfs_audio,127.46
sealfs_audio,127.45
sealfs_audio,127.45
sealfs_audio,127.45
ext4_audio,127.44
ext4_audio,127.44
ext4_audio,127.44
sealfs_audio,127.44
ext4_audio,127.43
ext4_audio,127.42
ext4_audio,127.42
ext4_audio,127.42
sealfs_audio,127.42
ext4_audio,127.4
ext4_audio,127.4
ext4_audio,127.4
ext4_audio,127.4
ext4_audio,127.38
sealfs_audio,127.38
ext4_audio,127.37
ext4_audio,127.37
ext4_audio,127.37
sealfs_audio,127.36
ext4_audio,127.35
sealfs_audio,127.35
sealfs_audio,127.35
ext4_audio,127.34
ext4_audio,127.34
sealfs_audio,127.34
ext4_audio,127.33
ext4_audio,127.32
sealfs_audio,127.32
ext4_audio,127.31
ext4_audio,127.31
sealfs_audio,127.31
sealfs_audio,127.31
ext4_audio,127.3
ext4_audio,127.3
ext4_audio,127.3
sealfs_audio,127.3
sealfs_audio,127.3
sealfs_audio,127.3
ext4_audio,127.29
sealfs_audio,127.29
ext4_audio,127.28
sealfs_audio,127.28
sealfs_audio,127.28
ext4_audio,127.27
sealfs_audio,127.27
ext4_audio,127.24
ext4_audio,127.24
sealfs_audio,127.24
sealfs_audio,127.23
ext4_audio,127.22
ext4_audio,127.22
ext4_audio,127.22
sealfs_audio,127.22
sealfs_audio,127.19
ext4_audio,127.18
ext4_audio,127.16
sealfs_audio,127.13
sealfs_audio,127.12
ext4_audio,127.11
ext4_audio,127.11
ext4_audio,127.1
ext4_audio,127.1
ext4_audio,127.1
ext4_audio,127.09
ext4_audio,127.09
sealfs_audio,127.09
ext4_audio,127.08
sealfs_audio,127.08
sealfs_audio,127.07
sealfs_audio,127.07
sealfs_audio,127.06
sealfs_audio,127.05
sealfs_audio,127.02
ext4_audio,127.01
ext4_audio,126.99
ext4_audio,126.98
sealfs_audio,126.97
sealfs_audio,126.97
sealfs_audio,126.95
sealfs_audio,126.94
ext4_audio,126.93
ext4_audio,126.93
sealfs_audio,126.93
ext4_audio,126.92
sealfs_audio,126.92
ext4_audio,126.91
sealfs_audio,126.87
sealfs_audio,126.85
sealfs_audio,126.83
ext4_audio,126.81
ext4_audio,126.8
sealfs_audio,126.8
ext4_audio,126.79
sealfs_audio,126.78
ext4_audio,126.77
ext4_audio,126.74
sealfs_audio,126.74
sealfs_audio,126.72
ext4_audio,126.71
sealfs_audio,126.68
sealfs_audio,126.65
sealfs_audio,126.59
sealfs_audio,126.59
ext4_audio,126.58
ext4_audio,126.57
sealfs_audio,126.55
ext4_audio,126.54
sealfs_audio,126.51
ext4_audio,126.5
ext4_audio,126.44
sealfs_audio,126.39
sealfs_audio,126.38
ext4_audio,126.29
ext4_audio,126.23
sealfs_audio,126.17
ext4_audio,126.05
sealfs_audio,125.98
ext4_audio,125.84
ext4_audio,125.75
sealfs_audio,125.72
ext4_audio,125.18
sealfs_audio,125.08
ext4_audio,124.77
ext4_audio,124.59
ext4_audio,124.59
ext4_audio,124.56
sealfs_audio,124.55
ext4_audio,124.51
ext4_audio,124.47
ext4_audio,124.42
sealfs_audio,124.39
sealfs_audio,124.37
sealfs_audio,124.33
ext4_audio,124.32
ext4_audio,124.3
ext4_audio,124.27
ext4_audio,124.26
ext4_audio,124.26
ext4_audio,124.26
sealfs_audio,124.24
ext4_audio,124.22
ext4_audio,124.21
sealfs_audio,124.21
sealfs_audio,124.21
sealfs_audio,124.2
ext4_audio,124.19
ext4_audio,124.16
sealfs_audio,124.16
ext4_audio,124.14
sealfs_audio,124.12
sealfs_audio,124.12
sealfs_audio,124.11
sealfs_audio,124.08
ext4_audio,124.07
sealfs_audio,124.07
ext4_audio,124.05
ext4_audio,124.05
sealfs_audio,124.05
ext4_audio,124.04
ext4_audio,124.04
sealfs_audio,124.03
ext4_audio,124.02
sealfs_audio,124
ext4_audio,123.97
ext4_audio,123.96
ext4_audio,123.94
sealfs_audio,123.93
sealfs_audio,123.93
sealfs_audio,123.91
ext4_audio,123.89
ext4_audio,123.88
ext4_audio,123.88
sealfs_audio,123.81
sealfs_audio,123.8
ext4_audio,123.79
ext4_audio,123.79
sealfs_audio,123.79
ext4_audio,123.78
sealfs_audio,123.77
ext4_audio,123.76
sealfs_audio,123.75
sealfs_audio,123.74
sealfs_audio,123.74
sealfs_audio,123.72
sealfs_audio,123.71
sealfs_audio,123.7
ext4_audio,123.69
sealfs_audio,123.68
ext4_audio,123.67
ext4_audio,123.64
ext4_audio,123.64
ext4_audio,123.64
sealfs_audio,123.62
ext4_audio,123.54
ext4_audio,123.48
ext4_audio,123.45
ext4_audio,123.42
ext4_audio,123.4
sealfs_audio,123.38
ext4_audio,123.37
sealfs_audio,123.35
ext4_audio,123.34
ext4_audio,123.33
ext4_audio,123.28
ext4_audio,123.27
ext4_audio,123.27
sealfs_audio,123.26
sealfs_audio,123.2
sealfs_audio,123.04
ext4_audio,123.02
ext4_audio,122.93
sealfs_audio,122.58
sealfs_audio,122.57
sealfs_audio,122.48
ext4_audio,122.32
ext4_audio,122.21
sealfs_audio,122.11
ext4_audio,122.1
sealfs_audio,121.64
sealfs_audio,120.7
ext4_navigation,7.55
ext4_navigation,7.53
ext4_navigation,7.54
ext4_navigation,7.51
ext4_navigation,7.54
ext4_navigation,7.51
ext4_navigation,11.27
ext4_navigation,7.52
ext4_navigation,7.53
ext4_navigation,7.47
ext4_navigation,7.45
ext4_navigation,7.52
ext4_navigation,7.52
ext4_navigation,11.25
ext4_navigation,7.5
ext4_navigation,7.51
ext4_navigation,7.52
ext4_navigation,7.51
ext4_navigation,7.52
ext4_navigation,7.51
ext4_navigation,11.11
ext4_navigation,7.45
ext4_navigation,7.55
ext4_navigation,7.54
ext4_navigation,7.53
ext4_navigation,7.46
ext4_navigation,3.75
ext4_navigation,7.42
ext4_navigation,7.51
ext4_navigation,7.54
ext4_navigation,7.51
ext4_navigation,7.46
ext4_navigation,11.28
ext4_navigation,7.54
ext4_navigation,7.52
ext4_navigation,7.5
ext4_navigation,7.53
ext4_navigation,7.53
ext4_navigation,7.5
ext4_navigation,7.52
ext4_navigation,7.53
ext4_navigation,7.55
ext4_navigation,7.53
ext4_navigation,11.22
ext4_navigation,7.49
ext4_navigation,7.52
ext4_navigation,7.54
ext4_navigation,7.53
ext4_navigation,7.54
ext4_navigation,7.5
ext4_navigation,7.49
ext4_navigation,7.46
ext4_navigation,7.47
ext4_navigation,7.44
ext4_navigation,11.07
ext4_navigation,7.52
ext4_navigation,7.54
ext4_navigation,7.51
ext4_navigation,7.54
ext4_navigation,7.5
ext4_navigation,3.77
ext4_navigation,7.51
ext4_navigation,7.54
ext4_navigation,11.29
ext4_navigation,7.48
ext4_navigation,7.54
ext4_navigation,7.54
ext4_navigation,7.5
ext4_navigation,7.36
ext4_navigation,11.2
ext4_navigation,7.43
ext4_navigation,7.56
ext4_navigation,7.51
ext4_navigation,7.52
ext4_navigation,7.5
ext4_navigation,7.54
ext4_navigation,11.27
ext4_navigation,7.48
ext4_navigation,7.53
ext4_navigation,7.49
ext4_navigation,7.47
ext4_navigation,7.54
ext4_navigation,7.52
ext4_navigation,7.54
ext4_navigation,7.46
ext4_navigation,7.51
ext4_navigation,7.54
ext4_navigation,7.54
ext4_navigation,7.52
ext4_navigation,7.52
ext4_navigation,11.3
ext4_navigation,7.52
ext4_navigation,7.51
ext4_navigation,7.54
ext4_navigation,7.51
ext4_navigation,7.53
ext4_navigation,7.47
ext4_navigation,7.53
ext4_navigation,11.25
ext4_navigation,7.54
ext4_navigation,7.52
ext4_navigation,7.53
ext4_navigation,7.54
ext4_navigation,3.76
ext4_navigation,11.26
ext4_navigation,7.55
ext4_navigation,7.51
ext4_navigation,7.51
ext4_navigation,7.5
ext4_navigation,7.51
ext4_navigation,11.26
ext4_navigation,7.5
ext4_navigation,7.4
ext4_navigation,7.54
ext4_navigation,7.54
ext4_navigation,7.55
ext4_navigation,7.46
ext4_navigation,11.27
ext4_navigation,7.54
ext4_navigation,7.47
ext4_navigation,7.55
ext4_navigation,7.52
ext4_navigation,11.29
ext4_navigation,7.45
ext4_navigation,7.54
ext4_navigation,7.53
ext4_navigation,7.51
ext4_navigation,7.53
ext4_navigation,11.26
ext4_navigation,7.53
ext4_navigation,7.52
ext4_navigation,7.53
ext4_navigation,3.74
ext4_navigation,7.52
ext4_navigation,11.29
ext4_navigation,7.44
ext4_navigation,7.43
ext4_navigation,7.52
ext4_navigation,7.55
ext4_navigation,7.55
ext4_navigation,7.51
ext4_navigation,7.55
ext4_navigation,7.54
ext4_navigation,11.16
ext4_navigation,7.57
ext4_navigation,7.52
ext4_navigation,11.23
ext4_navigation,7.53
ext4_navigation,7.52
ext4_navigation,7.37
ext4_navigation,7.5
ext4_navigation,7.51
ext4_navigation,7.5
ext4_navigation,7.54
ext4_navigation,7.52
ext4_navigation,7.47
ext4_navigation,7.51
ext4_navigation,11.27
ext4_navigation,7.53
ext4_navigation,7.53
ext4_navigation,7.55
ext4_navigation,7.52
ext4_navigation,7.52
ext4_navigation,11.27
ext4_navigation,7.51
ext4_navigation,7.54
ext4_navigation,7.51
ext4_navigation,7.51
ext4_navigation,7.51
ext4_navigation,11.32
ext4_navigation,7.52
ext4_navigation,7.49
ext4_navigation,7.52
ext4_navigation,7.52
ext4_navigation,7.53
ext4_navigation,7.51
ext4_navigation,11.28
ext4_navigation,7.5
ext4_navigation,3.78
ext4_navigation,7.51
ext4_navigation,7.43
ext4_navigation,7.53
ext4_navigation,7.52
ext4_navigation,7.53
ext4_navigation,7.54
ext4_navigation,7.53
ext4_navigation,7.53
ext4_navigation,11.31
ext4_navigation,7.47
ext4_navigation,7.54
ext4_navigation,7.53
ext4_navigation,7.55
ext4_navigation,7.55
ext4_navigation,7.5
ext4_navigation,7.45
ext4_navigation,7.47
ext4_navigation,7.42
ext4_navigation,7.52
ext4_navigation,7.51
ext4_navigation,7.5
ext4_navigation,11.23
ext4_navigation,7.53
ext4_navigation,7.55
ext4_navigation,7.48
ext4_navigation,7.49
ext4_navigation,7.48
ext4_navigation,7.54
ext4_navigation,7.35
ext4_navigation,7.51
ext4_navigation,7.54
ext4_navigation,7.5
ext4_navigation,7.52
ext4_navigation,11.33
ext4_navigation,7.54
ext4_navigation,7.52
ext4_navigation,7.5
ext4_navigation,3.75
ext4_navigation,7.55
ext4_navigation,7.54
ext4_navigation,7.47
ext4_navigation,7.53
ext4_navigation,7.51
ext4_navigation,7.53
ext4_navigation,3.69
ext4_navigation,7.42
ext4_navigation,7.51
ext4_navigation,7.55
ext4_navigation,7.48
ext4_navigation,11.18
ext4_navigation,7.52
ext4_navigation,7.53
ext4_navigation,7.53
ext4_navigation,7.55
ext4_navigation,7.55
ext4_navigation,7.49
ext4_navigation,7.54
ext4_navigation,7.48
ext4_navigation,7.5
ext4_navigation,7.54
ext4_navigation,7.52
ext4_navigation,7.51
ext4_navigation,11.26
ext4_navigation,7.52
ext4_navigation,7.54
ext4_navigation,7.5
ext4_navigation,11.21
ext4_navigation,7.53
ext4_navigation,7.52
ext4_navigation,7.51
ext4_navigation,7.52
ext4_navigation,11.17
ext4_navigation,7.53
ext4_navigation,7.52
ext4_navigation,7.55
ext4_navigation,7.39
ext4_navigation,7.51
ext4_navigation,7.53
ext4_navigation,7.52
ext4_navigation,7.52
ext4_navigation,11.22
ext4_navigation,3.77
ext4_navigation,7.53
ext4_navigation,7.5
ext4_navigation,7.38
ext4_navigation,11.29
ext4_navigation,7.51
ext4_navigation,7.45
ext4_navigation,7.49
ext4_navigation,7.51
ext4_navigation,7.53
ext4_navigation,11.28
ext4_navigation,7.53
ext4_navigation,7.49
ext4_navigation,7.49
ext4_navigation,7.49
ext4_navigation,7.42
ext4_navigation,7.52
ext4_navigation,7.5
ext4_navigation,7.45
ext4_navigation,7.52
ext4_navigation,7.5
ext4_navigation,7.4
ext4_navigation,7.51
ext4_navigation,11.29
ext4_navigation,7.5
ext4_navigation,7.51
ext4_navigation,7.52
ext4_navigation,7.45
ext4_navigation,7.54
ext4_navigation,7.59
ext4_navigation,7.51
ext4_navigation,7.53
ext4_navigation,7.49
ext4_navigation,7.51
ext4_navigation,7.43
ext4_navigation,7.52
ext4_navigation,7.54
ext4_navigation,7.5
ext4_navigation,7.5
ext4_navigation,7.5
ext4_navigation,7.54
ext4_navigation,11.15
ext4_navigation,7.54
ext4_navigation,7.5
ext4_navigation,7.54
ext4_navigation,7.52
ext4_navigation,7.52
ext4_navigation,7.54
ext4_navigation,7.54
ext4_navigation,7.5
ext4_navigation,7.53
ext4_navigation,7.54
ext4_navigation,7.42
ext4_navigation,7.54
ext4_navigation,11.28
ext4_navigation,7.51
ext4_navigation,7.45
ext4_navigation,7.45
ext4_navigation,7.5
ext4_navigation,7.5
ext4_navigation,3.76
ext4_navigation,11.31
ext4_navigation,7.54
ext4_navigation,7.49
ext4_navigation,7.51
ext4_navigation,7.47
ext4_navigation,7.53
ext4_navigation,7.53
ext4_navigation,7.53
ext4_navigation,7.54
ext4_navigation,7.53
ext4_navigation,7.41
ext4_navigation,11.31
ext4_navigation,7.54
ext4_navigation,7.49
ext4_navigation,7.47
ext4_navigation,7.52
ext4_navigation,7.49
ext4_navigation,7.54
ext4_navigation,7.54
ext4_navigation,11.26
ext4_navigation,7.53
ext4_navigation,7.47
ext4_navigation,7.52
ext4_navigation,11.08
ext4_navigation,7.55
ext4_navigation,3.69
ext4_navigation,7.51
ext4_navigation,7.46
ext4_navigation,7.44
ext4_navigation,11.09
ext4_navigation,7.51
ext4_navigation,7.41
ext4_navigation,7.52
ext4_navigation,7.53
ext4_navigation,7.51
ext4_navigation,11.27
ext4_navigation,7.53
ext4_navigation,7.57
ext4_navigation,7.58
sealfs_navigation,7.56
sealfs_navigation,7.54
sealfs_navigation,7.5
sealfs_navigation,7.54
sealfs_navigation,7.53
sealfs_navigation,7.39
sealfs_navigation,15.09
sealfs_navigation,7.5
sealfs_navigation,7.55
sealfs_navigation,7.53
sealfs_navigation,7.53
sealfs_navigation,7.51
sealfs_navigation,7.5
sealfs_navigation,7.54
sealfs_navigation,7.53
sealfs_navigation,7.52
sealfs_navigation,7.5
sealfs_navigation,7.52
sealfs_navigation,7.52
sealfs_navigation,7.52
sealfs_navigation,15.06
sealfs_navigation,7.53
sealfs_navigation,3.73
sealfs_navigation,7.48
sealfs_navigation,7.53
sealfs_navigation,7.52
sealfs_navigation,7.52
sealfs_navigation,7.5
sealfs_navigation,7.39
sealfs_navigation,15.06
sealfs_navigation,7.53
sealfs_navigation,7.51
sealfs_navigation,7.52
sealfs_navigation,7.51
sealfs_navigation,7.52
sealfs_navigation,7.51
sealfs_navigation,14.77
sealfs_navigation,7.54
sealfs_navigation,7.52
sealfs_navigation,14.97
sealfs_navigation,7.52
sealfs_navigation,7.45
sealfs_navigation,7.52
sealfs_navigation,7.52
sealfs_navigation,7.55
sealfs_navigation,7.53
sealfs_navigation,7.53
sealfs_navigation,7.53
sealfs_navigation,11.28
sealfs_navigation,7.53
sealfs_navigation,7.52
sealfs_navigation,7.52
sealfs_navigation,15.04
sealfs_navigation,7.43
sealfs_navigation,7.53
sealfs_navigation,3.76
sealfs_navigation,7.42
sealfs_navigation,7.53
sealfs_navigation,7.53
sealfs_navigation,7.51
sealfs_navigation,7.51
sealfs_navigation,7.52
sealfs_navigation,7.54
sealfs_navigation,7.51
sealfs_navigation,14.96
sealfs_navigation,7.54
sealfs_navigation,7.4
sealfs_navigation,7.52
sealfs_navigation,7.3
sealfs_navigation,15.05
sealfs_navigation,7.55
sealfs_navigation,7.54
sealfs_navigation,7.54
sealfs_navigation,7.58
sealfs_navigation,7.59
sealfs_navigation,7.51
sealfs_navigation,7.49
sealfs_navigation,7.51
sealfs_navigation,7.44
sealfs_navigation,7.54
sealfs_navigation,7.52
sealfs_navigation,11.29
sealfs_navigation,3.74
sealfs_navigation,7.51
sealfs_navigation,15.01
sealfs_navigation,7.51
sealfs_navigation,7.53
sealfs_navigation,7.49
sealfs_navigation,7.44
sealfs_navigation,15.07
sealfs_navigation,7.53
sealfs_navigation,7.51
sealfs_navigation,7.43
sealfs_navigation,7.37
sealfs_navigation,7.49
sealfs_navigation,7.5
sealfs_navigation,7.52
sealfs_navigation,7.51
sealfs_navigation,7.52
sealfs_navigation,15.04
sealfs_navigation,7.54
sealfs_navigation,7.5
sealfs_navigation,7.43
sealfs_navigation,7.51
sealfs_navigation,7.35
sealfs_navigation,7.47
sealfs_navigation,7.53
sealfs_navigation,7.51
sealfs_navigation,7.49
sealfs_navigation,7.52
sealfs_navigation,7.53
sealfs_navigation,7.52
sealfs_navigation,14.99
sealfs_navigation,7.53
sealfs_navigation,7.39
sealfs_navigation,7.53
sealfs_navigation,3.77
sealfs_navigation,7.52
sealfs_navigation,15.05
sealfs_navigation,7.51
sealfs_navigation,7.53
sealfs_navigation,7.49
sealfs_navigation,7.42
sealfs_navigation,7.55
sealfs_navigation,14.87
sealfs_navigation,7.44
sealfs_navigation,7.53
sealfs_navigation,7.51
sealfs_navigation,7.51
sealfs_navigation,7.54
sealfs_navigation,7.52
sealfs_navigation,7.53
sealfs_navigation,7.52
sealfs_navigation,7.51
sealfs_navigation,7.54
sealfs_navigation,7.49
sealfs_navigation,7.52
sealfs_navigation,14.97
sealfs_navigation,11.27
sealfs_navigation,7.5
sealfs_navigation,7.54
sealfs_navigation,7.45
sealfs_navigation,3.76
sealfs_navigation,7.53
sealfs_navigation,7.52
sealfs_navigation,7.56
sealfs_navigation,7.59
sealfs_navigation,7.52
sealfs_navigation,7.47
sealfs_navigation,14.87
sealfs_navigation,7.53
sealfs_navigation,7.51
sealfs_navigation,7.56
sealfs_navigation,7.52
sealfs_navigation,7.54
sealfs_navigation,7.52
sealfs_navigation,7.5
sealfs_navigation,7.39
sealfs_navigation,7.52
sealfs_navigation,7.5
sealfs_navigation,7.48
sealfs_navigation,7.47
sealfs_navigation,15.08
sealfs_navigation,7.53
sealfs_navigation,7.44
sealfs_navigation,7.53
sealfs_navigation,7.54
sealfs_navigation,3.75
sealfs_navigation,7.54
sealfs_navigation,7.51
sealfs_navigation,7.53
sealfs_navigation,7.52
sealfs_navigation,7.54
sealfs_navigation,7.49
sealfs_navigation,7.5
sealfs_navigation,15.05
sealfs_navigation,7.51
sealfs_navigation,7.52
sealfs_navigation,7.52
sealfs_navigation,7.52
sealfs_navigation,7.46
sealfs_navigation,14.62
sealfs_navigation,7.53
sealfs_navigation,7.5
sealfs_navigation,11.27
sealfs_navigation,7.5
sealfs_navigation,7.46
sealfs_navigation,7.54
sealfs_navigation,7.54
sealfs_navigation,7.51
sealfs_navigation,7.5
sealfs_navigation,7.52
sealfs_navigation,7.55
sealfs_navigation,15.07
sealfs_navigation,7.53
sealfs_navigation,7.5
sealfs_navigation,7.48
sealfs_navigation,7.54
sealfs_navigation,7.51
sealfs_navigation,3.76
sealfs_navigation,7.5
sealfs_navigation,7.51
sealfs_navigation,7.52
sealfs_navigation,7.51
sealfs_navigation,7.51
sealfs_navigation,7.55
sealfs_navigation,15.02
sealfs_navigation,7.55
sealfs_navigation,7.52
sealfs_navigation,7.5
sealfs_navigation,7.36
sealfs_navigation,7.54
sealfs_navigation,7.47
sealfs_navigation,7.53
sealfs_navigation,7.44
sealfs_navigation,7.53
sealfs_navigation,7.5
sealfs_navigation,7.34
sealfs_navigation,7.47
sealfs_navigation,7.52
sealfs_navigation,7.53
sealfs_navigation,7.5
sealfs_navigation,7.42
sealfs_navigation,7.53
sealfs_navigation,7.51
sealfs_navigation,7.5
sealfs_navigation,7.53
sealfs_navigation,15.05
sealfs_navigation,7.54
sealfs_navigation,15.02
sealfs_navigation,7.51
sealfs_navigation,7.47
sealfs_navigation,7.34
sealfs_navigation,7.52
sealfs_navigation,7.53
sealfs_navigation,7.51
sealfs_navigation,7.49
sealfs_navigation,15
sealfs_navigation,7.52
sealfs_navigation,7.45
sealfs_navigation,15.04
sealfs_navigation,7.46
sealfs_navigation,7.53
sealfs_navigation,7.53
sealfs_navigation,7.42
sealfs_navigation,11.11
sealfs_navigation,7.55
sealfs_navigation,7.54
sealfs_navigation,7.49
sealfs_navigation,7.42
sealfs_navigation,7.53
sealfs_navigation,7.52
sealfs_navigation,7.49
sealfs_navigation,7.52
sealfs_navigation,14.99
sealfs_navigation,7.54
sealfs_navigation,7.52
sealfs_navigation,7.42
sealfs_navigation,7.54
sealfs_navigation,7.52
sealfs_navigation,15.02
sealfs_navigation,7.53
sealfs_navigation,7.5
sealfs_navigation,7.53
sealfs_navigation,7.55
sealfs_navigation,7.52
sealfs_navigation,7.49
sealfs_navigation,7.51
sealfs_navigation,7.51
sealfs_navigation,11.07
sealfs_navigation,7.42
sealfs_navigation,7.52
sealfs_navigation,3.76
sealfs_navigation,14.69
sealfs_navigation,7.47
sealfs_navigation,7.47
sealfs_navigation,7.54
sealfs_navigation,7.44
sealfs_navigation,7.51
sealfs_navigation,7.53
sealfs_navigation,7.51
sealfs_navigation,7.52
sealfs_navigation,15.03
sealfs_navigation,7.54
sealfs_navigation,7.54
sealfs_navigation,7.53
sealfs_navigation,7.57
sealfs_navigation,7.5
sealfs_navigation,7.5
sealfs_navigation,15.05
sealfs_navigation,7.54
sealfs_navigation,7.41
sealfs_navigation,7.43
sealfs_navigation,7.55
sealfs_navigation,7.53
sealfs_navigation,15.03
sealfs_navigation,7.52
sealfs_navigation,7.49
sealfs_navigation,7.51
sealfs_navigation,7.39
sealfs_navigation,7.55
sealfs_navigation,15.08
sealfs_navigation,7.53
sealfs_navigation,7.52
sealfs_navigation,7.45
sealfs_navigation,7.51
sealfs_navigation,11.3
sealfs_navigation,7.53
sealfs_navigation,7.49
sealfs_navigation,15.07
sealfs_navigation,7.54
sealfs_navigation,7.52
sealfs_navigation,7.29
sealfs_navigation,7.52
sealfs_navigation,15.05
sealfs_navigation,7.54
sealfs_navigation,7.49
sealfs_navigation,7.35
sealfs_navigation,7.5
sealfs_navigation,3.76
sealfs_navigation,7.53
sealfs_navigation,7.55
sealfs_navigation,7.54
sealfs_navigation,7.55
sealfs_navigation,7.5
sealfs_navigation,7.52
sealfs_navigation,7.53
sealfs_navigation,14.8
sealfs_navigation,7.53
sealfs_navigation,7.55
sealfs_navigation,7.52
sealfs_navigation,7.54
sealfs_navigation,7.53
sealfs_navigation,7.39
sealfs_navigation,7.55
sealfs_navigation,7.5
sealfs_navigation,7.55
sealfs_navigation,7.49
sealfs_navigation,7.5
sealfs_navigation,7.43
sealfs_navigation,7.52
sealfs_navigation,15.06
sealfs_navigation,7.42
sealfs_navigation,7.54
sealfs_navigation,7.53
sealfs_navigation,7.51
sealfs_navigation,7.53
sealfs_navigation,7.49
sealfs_navigation,7.54
sealfs_navigation,3.77
sealfs_navigation,7.52
sealfs_navigation,7.5
sealfs_navigation,7.53
sealfs_navigation,7.54
sealfs_navigation,15.15
sealfs_navigation,15.15
sealfs_navigation,7.32
sealfs_navigation,7.58
sealfs_navigation,7.58
